RAJ2000	DEJ2000	name	alt_name	vmag	dimension	object_type	constell	notes
83.6248	22.0167	M 1	NGC 1952	8.4	6X4	DI	TAU	CRAB NEBULA = SN 1054
254.2748	-4.1	M 10	NGC 6254	6.6	15	GB	OPH	null
185.7248	15.8167	M 100	NGC 4321	9.4	7X6	S	COM	null
210.7999	54.3501	M 101	NGC 5457	7.7	27X26	S	UMA	null
23.2998	60.6999	M 103	NGC 581	7.4	6	OC	CAS	null
189.9998	-11.6166	M 104	NGC 4594	8.3	9X4	S	VIR	SOMBRERO GALAXY
161.9498	12.5834	M 105	NGC 3379	9.3	4X4	E	LEO	null
184.7498	47.3001	M 106	NGC 4258	8.3	18X8	S	CVN	null
248.1248	-13.05	M 107	NGC 6171	8.1	10	GB	OPH	null
167.8748	55.6667	M 108	NGC 3556	10	8X2	S	UMA	null
179.3998	53.3834	M 109	NGC 3992	9.8	8X5	S	UMA	null
282.7748	-6.2667	M 11	NGC 6705	5.8	14	OC	SCT	null
10.0998	41.6833	M 110	NGC 205	8	17X10	E?	AND	null
251.7998	-1.95	M 12	NGC 6218	6.6	14	GB	OPH	null
250.4249	36.4667	M 13	NGC 6205	5.9	17	GB	HER	HERCULES CLUSTER
264.3998	-3.25	M 14	NGC 6402	7.6	12	GB	OPH	null
322.4999	12.1666	M 15	NGC 7078	6.4	12	GB	PEG	null
274.6998	-13.7833	M 16	NGC 6611	6	7	OC	SER	null
275.1998	-16.1833	M 17	NGC 6618	7	46X37	DI	SGR	OMEGA NEBULA
274.9748	-17.1333	M 18	NGC 6613	6.9	9	OC	SGR	null
255.6498	-26.2667	M 19	NGC 6273	7.2	14	GB	OPH	null
323.3748	-0.8167	M 2	NGC 7089	6.5	13	GB	AQR	null
270.6498	-23.0333	M 20	NGC 6514	8.5	29X27	DI	SGR	TRIFID NEBULA
271.1498	-22.5	M 21	NGC 6531	5.9	13	OC	SGR	null
279.0998	-23.9	M 22	NGC 6656	5.1	24	GB	SGR	null
269.1998	-19.0167	M 23	NGC 6494	5.5	27	OC	SGR	null
274.2248	-18.4833	M 24	NA	4.5	90	NA	SGR	A LOCALIZED BRIGHTENING OF THE MILKY WAY
277.8998	-19.25	M 25	IC4725	4.6	32	OC	SGR	null
281.2998	-9.4	M 26	NGC 6694	8	15	OC	SCT	null
299.8999	22.7166	M 27	NGC 6853	8.1	8X4	PL	VUL	DUMBBELL NEBULA
276.1248	-24.8667	M 28	NGC 6626	6.9	11	GB	SGR	null
305.9749	38.5333	M 29	NGC 6913	6.6	7	OC	CYG	null
205.5499	28.3834	M 3	NGC 5272	6.4	16	GB	CVN	null
325.0998	-23.1834	M 30	NGC 7099	7.5	11	GB	CAP	null
10.6748	41.2666	M 31	NGC 224	3.4	178X63	S	AND	ANDROMEDA GALAXY
10.6748	40.8666	M 32	NGC 221	8.2	8X6	E	AND	null
23.4748	30.6499	M 33	NGC 598	5.7	62X39	S	TRI	null
40.4998	42.7833	M 34	NGC 1039	5.2	35	OC	PER	null
92.2248	24.3333	M 35	NGC 2168	5.1	28	OC	GEM	null
84.0248	34.1333	M 36	NGC 1960	6	12	OC	AUR	null
88.0998	32.55	M 37	NGC 2099	5.6	24	OC	AUR	null
82.1748	35.8333	M 38	NGC 1912	6.4	21	OC	AUR	null
323.0499	48.4333	M 39	NGC 7092	4.6	32	OC	CYG	null
245.8998	-26.5333	M 4	NGC 6121	5.9	26	GB	SCO	null
185.5999	58.0834	M 40	NA	8	null	NA	UMA	WINNECKE 4, A DOUBLE STAR OF 50 ARCSEC SEPARATION
101.7499	-20.7333	M 41	NGC 2287	4.5	38	OC	CMA	null
83.8498	-5.45	M 42	NGC 1976	4	66X60	DI	ORI	GREAT NEBULA IN ORION
83.8998	-5.2667	M 43	NGC 1982	9	20X15	DI	ORI	null
130.0248	19.9834	M 44	NGC 2632	3.1	95	OC	CNC	PRAESEPE OR BEEHIVE CLUSTER
56.7498	24.1166	M 45	NA	1.2	110	OC	TAU	PLEIADES OR SEVEN SISTERS CLUSTER
115.4499	-14.8166	M 46	NGC 2437	6.1	27	OC	PUP	null
114.1499	-14.5	M 47	NGC 2422	4.4	30	OC	PUP	ID WITH NGC 2422 IS POST-MESSIER
123.4498	-5.8	M 48	NGC 2548	5.8	54	OC	HYA	ID WITH NGC 2548 IS POST-MESSIER
187.4498	8.0001	M 49	NGC 4472	8.4	9X7	E	VIR	null
229.6498	2.0834	M 5	NGC 5904	5.8	17	GB	SER	null
105.7999	-8.3333	M 50	NGC 2323	5.9	16	OC	MON	null
202.4749	47.2001	M 51	NGC 5194	8.1	11X8	S	CVN	WHIRLPOOL GALAXY
351.0499	61.5833	M 52	NGC 7654	6.9	13	OC	CAS	null
198.2248	18.1667	M 53	NGC 5024	7.7	13	GB	COM	null
283.7748	-30.4833	M 54	NGC 6715	7.7	9	GB	SGR	null
294.9998	-30.9667	M 55	NGC 6809	7	19	GB	SGR	null
289.1499	30.1833	M 56	NGC 6779	8.2	7	GB	LYR	null
283.3999	33.0333	M 57	NGC 6720	9	1	PL	LYR	RING NEBULA IN LYRA
189.4248	11.8167	M 58	NGC 4579	9.8	5X4	S	VIR	null
190.4998	11.6501	M 59	NGC 4621	9.8	5X3	E	VIR	null
265.0248	-32.2167	M 6	NGC 6405	4.2	15	OC	SCO	null
190.9248	11.5501	M 60	NGC 4649	8.8	7X6	E	VIR	null
185.4748	4.4667	M 61	NGC 4303	9.7	6X5	S	VIR	null
255.2998	-30.1166	M 62	NGC 6266	6.6	14	GB	OPH	null
198.9499	42.0334	M 63	NGC 5055	8.6	12X8	S	CVN	null
194.1748	21.6834	M 64	NGC 4826	8.5	9X5	S	COM	BLACK-EYE GALAXY
169.7248	13.0834	M 65	NGC 3623	9.3	10X3	S	LEO	null
170.0498	12.9834	M 66	NGC 3627	9	9X4	S	LEO	null
132.5998	11.8167	M 67	NGC 2682	6.9	30	OC	CNC	null
189.8748	-26.7499	M 68	NGC 4590	8.2	12	GB	HYA	null
277.8498	-32.35	M 69	NGC 6637	7.7	7	GB	SGR	null
268.4748	-34.8167	M 7	NGC 6475	3.3	80	OC	SCO	null
280.7998	-32.3	M 70	NGC 6681	8.1	8	GB	SGR	null
298.4499	18.7833	M 71	NGC 6838	8.3	7	GB	SGE	null
313.3748	-12.5334	M 72	NGC 6981	9.4	6	GB	AQR	null
314.7248	-12.6334	M 73	NGC 6994	NA	null	NA	AQR	AN ASTERISM CONSISTING OF ONLY FOUR STARS
24.1748	15.7833	M 74	NGC 628	9.2	10X9	S	PSC	null
301.5248	-21.9167	M 75	NGC 6864	8.6	6	GB	SGR	null
25.5998	51.5666	M 76	NGC 650	11.5	2X1	PL	PER	LITTLE DUMBBELL NEBULA
40.6748	-0.0167	M 77	NGC 1068	8.8	7X6	S	CET	null
86.6748	0.05	M 78	NGC 2068	8	8X6	DI	ORI	null
81.1249	-24.55	M 79	NGC 1904	8	9	GB	LEP	null
270.9498	-24.3833	M 8	NGC 6523	5.8	90X40	DI	SGR	LAGOON NEBULA
244.2498	-22.9833	M 80	NGC 6093	7.2	9	GB	SCO	null
148.8998	69.0667	M 81	NGC 3031	6.8	26X14	S	UMA	null
148.9497	69.6834	M 82	NGC 3034	8.4	11X5	IR	UMA	null
204.2498	-29.8666	M 83	NGC 5236	7.6	11X10	S	HYA	null
186.2748	12.8834	M 84	NGC 4374	9.3	5X4	E	VIR	null
186.3498	18.1834	M 85	NGC 4382	9.2	7X5	E	COM	null
186.5498	12.9501	M 86	NGC 4406	9.2	7X6	E	VIR	null
187.6998	12.4001	M 87	NGC 4486	8.6	7	E	VIR	null
187.9998	14.4167	M 88	NGC 4501	9.5	7X4	S	COM	null
188.9248	12.5501	M 89	NGC 4552	9.8	4	E	VIR	null
259.7998	-18.5167	M 9	NGC 6333	7.9	9	GB	OPH	null
189.1998	13.1667	M 90	NGC 4569	9.5	10X5	S	VIR	null
188.8498	14.5001	M 91	NGC 4548	10.2	5X4	S	COM	ID WITH NGC 4548 IS POST-MESSIER
259.2749	43.1333	M 92	NGC 6341	6.5	11	GB	HER	null
116.1499	-23.8666	M 93	NGC 2447	6.2	22	OC	PUP	null
192.7249	41.1167	M 94	NGC 4736	8.1	11X9	S	CVN	null
160.9998	11.7001	M 95	NGC 3351	9.7	7X5	S	LEO	null
161.6998	11.8167	M 96	NGC 3368	9.2	7X5	S	LEO	null
168.6998	55.0167	M 97	NGC 3587	11.2	3	PL	UMA	OWL NEBULA
183.4498	14.9001	M 98	NGC 4192	10.1	10X3	S	COM	null
184.6998	14.4167	M 99	NGC 4254	9.8	5	S	COM	null
6.0254	-72.0832	NGC 104	NGC 104	4	30.9	GB	TUC	47 Tuc
180.4753	-18.8667	NGC 4038	NGC 4038	10.7	2.6	GX	CRV	Antennae
180.4753	-18.8834	NGC 4039	NGC 4039	13	3.2	GX	CRV	Antennae
296.2254	-14.8	NGC 6822	NGC 6822	9	10.2	GX	SGR	Barnard's galaxy
123.3002	46	NGC 2537	NGC 2537	11.7	1.7	GX	LYN	Bear Paw galaxy
296.2005	50.5167	NGC 6826	NGC 6826	10	2.3	PL	CYG	Blinking planetary
351.4754	42.5499	NGC 7662	NGC 7662	9	2.2	PL	AND	Blue Snowball
177.5753	-57.1834	NGC 3918	NGC 3918	8	0.2	PL	CEN	Blue planetary
183.0503	29.1667	NGC 4169	NGC 4169	13	2.1	GX	COM	Box
183.0753	29.1834	NGC 4173	NGC 4173	13	4.8	GX	COM	Box
183.1003	29.1334	NGC 4174	NGC 4174	14	0.8	GX	COM	Box
183.1253	29.1501	NGC 4175	NGC 4175	14	2	GX	COM	Box
258.5254	-12.9167	NGC 6309	NGC 6309	11	1.1	PL	OPH	Box nebula
350.1754	61.1999	NGC 7635	NGC 7635	NA	15	NB	CAS	Bubble nebula
258.4254	-37.1	NGC 6302	NGC 6302	13	0.8	PL	SCO	Bug nebula
119.2001	-59.1167	I 2220	I 2220	NA	1	NB	CAR	Butterfly nebula
60.1752	36.6166	NGC 1499	NGC 1499	NA	145	NB	PER	California nebula
100.2752	9.8833	NGC 2264	NGC 2264	3.9	60	C+N	MON	Christmas Tree cluster
328.3504	47.2666	I 5146	I 5146	7.2	12	C+N	CYG	Cocoon nebula
174.4253	22.0167	NGC 3745	NGC 3745	NA	0.4	GX	LEO	Copeland's Septet
174.4253	22	NGC 3746	NGC 3746	15	1.3	GX	LEO	Copeland's Septet
174.4503	22.0334	NGC 3748	NGC 3748	NA	0.8	GX	LEO	Copeland's Septet
174.4753	21.9667	NGC 3750	NGC 3750	NA	0.9	GX	LEO	Copeland's Septet
174.4753	21.9334	NGC 3751	NGC 3751	15	0.4	GX	LEO	Copeland's Septet
174.4753	21.9834	NGC 3753	NGC 3753	15	2	GX	LEO	Copeland's Septet
174.4753	21.9834	NGC 3754	NGC 3754	NA	0.4	GX	LEO	Copeland's Septet
303.0004	38.35	NGC 6888	NGC 6888	NA	20	NB	CYG	Crescent nebula
34.7503	57.1499	NGC 869	NGC 869	4	30	OC	PER	Double cluster
35.6003	57.1166	NGC 884	NGC 884	4	30	OC	PER	Double cluster
151.7502	-40.4334	NGC 3132	NGC 3132	8	0.8	PL	VEL	Eight-burst planetary
112.3002	20.9167	NGC 2392	NGC 2392	10	0.7	PL	GEM	Eskimo nebula
186.9253	13.0834	NGC 4435	NGC 4435	10.9	3	GX	VIR	The Eyes
186.9503	13.0167	NGC 4438	NGC 4438	10.1	9.3	GX	VIR	The Eyes
311.4254	30.7167	NGC 6960	NGC 6960	NA	70	NB	CYG	Filamentary nebula
NA	NA	NA	NA	NA	1	NA	NA	M  24
156.2003	-18.6333	NGC 3242	NGC 3242	9	20.8	PL	HYA	Ghost of Jupiter
133.9002	58.7334	NGC 2685	NGC 2685	11.1	5.2	GX	UMA	Helix galaxy
337.4004	-20.8	NGC 7293	NGC 7293	NA	12.8	PL	AQR	Helix nebula
65.7252	19.5333	NGC 1555	NGC 1555	NA	1	NB	TAU	Hind's variable nebula
99.8002	8.7333	NGC 2261	NGC 2261	NA	2	NB	MON	Hubble's variable neb
193.4003	-60.3334	NGC 4755	NGC 4755	4.2	10	OC	CRU	Jewel Box
25.5753	51.5833	NGC 651	NGC 651	12	1	PL	PER	Little Dumbbell
267.3004	-20.0167	NGC 6445	NGC 6445	13	0.6	PL	SGR	Little Gem
56.4503	24.3666	NGC 1432	NGC 1432	NA	30	NB	TAU	Maia nebula
56.5253	23.7833	NGC 1435	NGC 1435	NA	30	NB	TAU	Merope nebula
191.5253	30.7334	NGC 4676	NGC 4676	14	2.8	GX	COM	The Mice
314.1004	31.7166	NGC 6992	NGC 6992	NA	60	NB	CYG	Network nebula
314.2754	31.2166	NGC 6995	NGC 6995	NA	12	NB	CYG	Network nebula
314.7004	44.3333	NGC 7000	NGC 7000	NA	120	NB	CYG	North America nebula
311.9504	44.3666	I 5067	I 5067	NA	1	NA	CYG	Pelican nebula
312.7004	44.35	I 5070	I 5070	NA	80	NB	CYG	Pelican nebula
25.4984	-89.3332	NGC 2573	NGC 2573	13.5	3.6	GX	OCT	Polarissima Australis
177.4988	89.1168	NGC 3172	NGC 3172	13.6	0.7	GX	UMI	Polarissima Borealis
97.5752	5.05	NGC 2237	NGC 2237	NA	1	NB	MON	Rosette nebula
97.6502	5.0167	NGC 2238	NGC 2238	NA	1	C+N	MON	Rosette nebula
97.7502	4.95	NGC 2239	NGC 2239	NA	16	OC	MON	Rosette nebula
98.1002	5.1167	NGC 2246	NGC 2246	NA	1	NB	MON	Rosette nebula
316.0504	-11.3666	NGC 7009	NGC 7009	8	1.7	PL	AQR	Saturn nebula
11.9003	-25.2833	NGC 253	NGC 253	7.1	25.1	GX	SCL	Sculptor galaxy
189.1253	11.25	NGC 4567	NGC 4567	11.3	3	GX	VIR	Siamese Twins
189.1503	11.2334	NGC 4568	NGC 4568	10.8	4.6	GX	VIR	Siamese Twins
160.8002	-64.4001	I 2602	I 2602	1.9	50	OC	CAR	Southern Pleiades
151.3003	-7.7167	NGC 3115	NGC 3115	9.2	8.3	GX	SEX	Spindle galaxy
274.7254	-13.7833	I 4703	I 4703	NA	1	OC	SER	Star Queen nebula
338.9754	33.95	NGC 7317	NGC 7317	13.6	1	GX	PEG	Stephan's Quintet
339.0004	33.9666	NGC 7318	NGC 7318	13.1	1.9	GX	PEG	Stephan's Quintet
339.0254	33.9833	NGC 7319	NGC 7319	13.1	1.7	GX	PEG	Stephan's Quintet
339.0254	33.95	NGC 7320	NGC 7320	12.7	2.2	GX	PEG	Stephan's Quintet
65.4502	19.5333	NGC 1554	NGC 1554	NA	1	NB	TAU	Struve's Lost nebula
84.6501	-69.0833	NGC 2070	NGC 2070	8.2	40	C+N	DOR	Tarantula nebula
202.5003	47.2667	NGC 5195	NGC 5195	9.6	5.4	GX	CVN	Whirlpool galaxy
76.7252	-7.2167	I 2118	I 2118	NA	180	NB	ERI	Witch Head nebula
160.9502	-59.8667	NGC 3372	NGC 3372	NA	120	NB	CAR	eta Car nebula
305.5504	40.25	I 1318	I 1318	NA	240	NA	CYG	gamma Cyg nebula
174.1503	-63.0334	I 2944	I 2944	4.5	75	C+N	CEN	lambda Cen nebula
174.7003	-63.5334	I 2948	I 2948	NA	60	NB	CEN	lambda Cen nebula
201.7003	-47.4834	NGC 5139	NGC 5139	3.7	36.3	GB	CEN	omega Cen
246.4004	-23.4333	I 4604	I 4604	NA	60	NB	OPH	rho Oph nebula
3.2504	72.5332	NGC 40	NGC 40	11	0.6	PL	CEP	Bow-Tie nebula
359.2504	56.7333	NGC 7789	NGC 7789	6.7	16	OC	CAS	Caroline's Rose
8.3003	48.4999	NGC 147	NGC 147	9.3	12.9	GX	CAS	NGC 147
9.7503	48.3333	NGC 185	NGC 185	9.2	11.5	GX	CAS	NGC 185
3.5253	-23.1833	NGC 45	NGC 45	10.4	8.1	GX	CET	NA
3.7253	-39.1833	NGC 55	NGC 55	8	32.4	GX	SCL	NA
5.1003	59.2999	I 10	I 10	10.3	5.1	GX	CAS	NA
7.6003	-33.2499	NGC 134	NGC 134	10.1	8.1	GX	SCL	NA
8.7003	-8.4	NGC 157	NGC 157	10.4	4.3	GX	CET	NA
11.7753	-20.7666	NGC 247	NGC 247	8.9	20	GX	CET	NA
13.7253	-37.6833	NGC 300	NGC 300	9	20	GX	SCL	NA
16.2003	2.1167	I 1613	I 1613	9.3	12	GX	CET	NA
17.3503	35.7166	NGC 404	NGC 404	10.1	4.4	GX	AND	NA
20.4503	5.25	NGC 488	NGC 488	10.3	5.2	GX	PSC	NA
22.8253	-6.8666	NGC 584	NGC 584	10.4	3.8	GX	CET	NA
23.5753	-29.4166	NGC 613	NGC 613	10	5.8	GX	SCL	NA
28.2503	-13.7333	NGC 720	NGC 720	10.2	4.4	GX	CET	NA
29.8253	19.0166	NGC 772	NGC 772	10.3	7.1	GX	ARI	NA
35.6503	42.3499	NGC 891	NGC 891	10	13.5	GX	AND	NA
35.7753	-21.2333	NGC 908	NGC 908	10.2	5.5	GX	CET	NA
36.8253	33.5833	NGC 925	NGC 925	10	9.8	GX	TRI	NA
36.9003	-1.15	NGC 936	NGC 936	10.1	5.2	GX	CET	NA
40.1003	39.0666	NGC 1023	NGC 1023	9.5	8.7	GX	PER	NA
41.5753	-30.2833	NGC 1097	NGC 1097	9.3	9.3	GX	FOR	NA
47.4503	-20.5833	NGC 1232	NGC 1232	9.9	7.8	GX	ERI	NA
49.3252	-41.1333	NGC 1291	NGC 1291	8.5	10.5	GX	ERI	NA
49.5752	-66.4999	NGC 1313	NGC 1313	9	8.5	GX	RET	NA
49.9253	-19.4166	NGC 1300	NGC 1300	10.4	6.5	GX	ERI	NA
50.6752	-37.1999	NGC 1316	NGC 1316	8.9	7.1	GX	FOR	NA
51.5753	-21.3333	NGC 1332	NGC 1332	10.3	4.6	GX	ERI	NA
52.0753	-31.0666	NGC 1344	NGC 1344	10.3	3.9	GX	FOR	NA
53.4002	-36.1333	NGC 1365	NGC 1365	9.5	9.8	GX	FOR	NA
54.6252	-35.45	NGC 1399	NGC 1399	9.9	3.2	GX	FOR	NA
54.7253	-26.3333	NGC 1398	NGC 1398	9.7	6.6	GX	FOR	NA
54.7252	-35.5833	NGC 1404	NGC 1404	10.3	2.5	GX	FOR	NA
55.0503	-18.5833	NGC 1407	NGC 1407	9.8	2.5	GX	ERI	NA
55.5002	-47.2166	NGC 1433	NGC 1433	10	6.8	GX	HOR	NA
56.7001	68.0999	I 342	I 342	9	17.8	GX	CAM	NA
63.9252	-55.5999	NGC 1549	NGC 1549	9.9	3.7	GX	DOR	NA
64.0502	-55.7833	NGC 1553	NGC 1553	9.5	4.1	GX	DOR	NA
65.0002	-54.9333	NGC 1566	NGC 1566	9.4	7.6	GX	DOR	NA
67.9252	-54.6	NGC 1617	NGC 1617	10.4	4.7	GX	DOR	NA
76.3002	-37.9833	NGC 1792	NGC 1792	10.2	4	GX	COL	NA
76.9252	-37.5166	NGC 1808	NGC 1808	9.9	7.2	GX	COL	NA
95.4252	-27.2333	NGC 2217	NGC 2217	10.4	4.8	GX	CMA	NA
114.2251	65.6	NGC 2403	NGC 2403	8.4	17.8	GX	CAM	NA
128.3502	-22.9667	NGC 2613	NGC 2613	10.4	7.2	GX	PYX	NA
133.1752	33.4167	NGC 2683	NGC 2683	9.7	9.3	GX	LYN	NA
133.3752	51.3167	NGC 2681	NGC 2681	10.3	3.8	GX	UMA	NA
133.8999	78.2167	NGC 2655	NGC 2655	10.1	5.1	GX	CAM	NA
137.5752	7.0333	NGC 2775	NGC 2775	10.3	4.5	GX	CNC	NA
137.9002	60.0334	NGC 2768	NGC 2768	10	6.3	GX	UMA	NA
138.0752	-24.1667	NGC 2784	NGC 2784	10.1	5.1	GX	HYA	NA
140.5002	50.9667	NGC 2841	NGC 2841	9.3	8.1	GX	UMA	NA
143.0502	21.5	NGC 2903	NGC 2903	8.9	12.6	GX	LEO	NA
143.0502	21.5167	NGC 2905	NGC 2905	10	13.3	GX	LEO	NA
146.8251	67.9167	NGC 2976	NGC 2976	10.2	4.9	GX	UMA	NA
150.7753	-26.15	NGC 3109	NGC 3109	10	14.5	GX	HYA	NA
150.8252	68.7334	NGC 3077	NGC 3077	9.9	4.6	GX	UMA	NA
154.5752	41.4167	NGC 3184	NGC 3184	9.8	6.9	GX	UMA	NA
154.9752	45.5501	NGC 3198	NGC 3198	10.4	8.3	GX	UMA	NA
160.8753	24.9167	NGC 3344	NGC 3344	10	6.9	GX	LMI	NA
161.9253	13.9834	NGC 3377	NGC 3377	10.2	4.4	GX	LEO	NA
162.0753	12.6334	NGC 3384	NGC 3384	10	5.9	GX	LEO	NA
165.0753	13.9	NGC 3489	NGC 3489	10.3	3.7	GX	LEO	NA
165.1003	28.9667	NGC 3486	NGC 3486	10.3	6.9	GX	LMI	NA
166.4503	-0.0333	NGC 3521	NGC 3521	8.9	9.5	GX	LEO	NA
167.5003	-37.5334	NGC 3557	NGC 3557	10.4	4	GX	CEN	NA
168.3253	-26.75	NGC 3585	NGC 3585	10	2.9	GX	HYA	NA
169.2253	18.05	NGC 3607	NGC 3607	10	3.7	GX	LEO	NA
169.5753	-32.8167	NGC 3621	NGC 3621	10	10	GX	HYA	NA
170.0753	13.6	NGC 3628	NGC 3628	9.5	14.8	GX	LEO	NA
170.2503	53.1667	NGC 3631	NGC 3631	10.4	4.6	GX	UMA	NA
170.2753	3.2333	NGC 3640	NGC 3640	10.3	4.1	GX	LEO	NA
173.3253	47.0334	NGC 3726	NGC 3726	10.4	6	GX	UMA	NA
177.7503	-28.8	NGC 3923	NGC 3923	10.1	2.9	GX	HYA	NA
178.2003	44.1167	NGC 3938	NGC 3938	10.4	5.4	GX	UMA	NA
178.4503	52.3334	NGC 3953	NGC 3953	10.1	6.6	GX	UMA	NA
180.8003	44.5334	NGC 4051	NGC 4051	10.3	5	GX	UMA	NA
182.0253	65.1834	NGC 4125	NGC 4125	9.8	5.1	GX	DRA	NA
182.6253	39.4001	NGC 4151	NGC 4151	10.4	5.9	GX	CVN	NA
183.9003	36.3334	NGC 4214	NGC 4214	9.7	7.9	GX	CVN	NA
183.9753	13.15	NGC 4216	NGC 4216	10	8.3	GX	VIR	NA
184.1753	69.4668	NGC 4236	NGC 4236	9.7	18.6	GX	DRA	NA
184.3753	37.8167	NGC 4244	NGC 4244	10.2	16.2	GX	CVN	NA
184.8503	5.8167	NGC 4261	NGC 4261	10.3	3.9	GX	VIR	NA
184.9503	29.6167	NGC 4274	NGC 4274	10.4	6.9	GX	COM	NA
185.0253	29.2834	NGC 4278	NGC 4278	10.2	3.6	GX	COM	NA
186.4503	33.5501	NGC 4395	NGC 4395	10.2	12.9	GX	CVN	NA
186.6003	31.2167	NGC 4414	NGC 4414	10.3	3.6	GX	COM	NA
186.8503	11.1167	NGC 4429	NGC 4429	10.2	5.5	GX	VIR	NA
187.0503	44.1001	NGC 4449	NGC 4449	9.4	5.1	GX	CVN	NA
187.1253	17.0834	NGC 4450	NGC 4450	10.1	4.8	GX	COM	NA
187.2503	13.9834	NGC 4459	NGC 4459	10.4	3.8	GX	COM	NA
187.4503	13.4334	NGC 4473	NGC 4473	10.2	4.5	GX	COM	NA
187.5003	13.6334	NGC 4477	NGC 4477	10.4	4	GX	COM	NA
187.6503	41.6334	NGC 4490	NGC 4490	9.8	5.9	GX	CVN	NA
187.8503	25.7834	NGC 4494	NGC 4494	9.9	4.8	GX	COM	NA
188.5003	7.7	NGC 4526	NGC 4526	9.6	7.2	GX	VIR	NA
188.5253	2.65	NGC 4527	NGC 4527	10.4	6.3	GX	VIR	NA
188.5753	8.2	NGC 4535	NGC 4535	9.8	6.8	GX	VIR	NA
188.6253	2.1833	NGC 4536	NGC 4536	10.4	7.4	GX	VIR	NA
188.8753	-3.8	NGC 4546	NGC 4546	10.3	3.5	GX	VIR	NA
189.0003	27.9667	NGC 4559	NGC 4559	9.9	10.5	GX	COM	NA
189.0753	25.9834	NGC 4565	NGC 4565	9.6	16.2	GX	COM	NA
190.5253	32.5334	NGC 4631	NGC 4631	9.3	15.1	GX	CVN	NA
190.7003	2.6833	NGC 4636	NGC 4636	9.6	6.2	GX	VIR	NA
191.0003	32.1667	NGC 4656	NGC 4656	10.4	13.8	GX	CVN	NA
192.1503	-5.8	NGC 4697	NGC 4697	9.3	6	GX	VIR	NA
192.2503	-8.6667	NGC 4699	NGC 4699	9.6	3.5	GX	VIR	NA
192.6003	25.5	NGC 4725	NGC 4725	9.2	11	GX	COM	NA
193.1003	-1.2	NGC 4753	NGC 4753	9.9	5.4	GX	VIR	NA
193.2253	11.2334	NGC 4762	NGC 4762	10.2	8.7	GX	VIR	NA
194.8253	-15.0333	NGC 4856	NGC 4856	10.4	4.6	GX	VIR	NA
196.3503	-49.4667	NGC 4945	NGC 4945	9	20	GX	CEN	NA
197.1503	-49.5001	NGC 4976	NGC 4976	10.2	4.3	GX	CEN	NA
197.7253	37.0501	NGC 5005	NGC 5005	9.8	5.4	GX	CVN	NA
198.3503	36.6001	NGC 5033	NGC 5033	10.1	10.5	GX	CVN	NA
200.5003	-36.6334	NGC 5102	NGC 5102	9.7	9.3	GX	CEN	NA
201.3753	-43.0167	NGC 5128	NGC 5128	7	18.2	GX	CEN	NA
204.3753	8.8834	NGC 5248	NGC 5248	10.2	6.5	GX	BOO	NA
207.3254	60.2001	NGC 5322	NGC 5322	10	5.5	GX	UMA	NA
209.0254	5.25	NGC 5363	NGC 5363	10.2	4.2	GX	VIR	NA
209.0504	5.0167	NGC 5364	NGC 5364	10.4	7.1	GX	VIR	NA
226.6004	1.6	NGC 5846	NGC 5846	10.2	3.4	GX	VIR	NA
226.6254	55.7667	NGC 5866	NGC 5866	10	5.2	GX	DRA	NA
228.9754	56.3167	NGC 5907	NGC 5907	10.4	12.3	GX	DRA	NA
267.3506	70.15	NGC 6503	NGC 6503	10.2	6.2	GX	DRA	NA
287.4505	-63.85	NGC 6744	NGC 6744	9	15.5	GX	PAV	NA
296.2504	-14.8	I 4895	I 4895	8	10	GX	SGR	NA
308.7005	60.15	NGC 6946	NGC 6946	8.9	11	GX	CEP	NA
331.9754	31.3666	NGC 7217	NGC 7217	10.2	3.7	GX	PEG	NA
339.2754	34.4166	NGC 7331	NGC 7331	9.5	10.7	GX	PEG	NA
343.7504	-39.6666	NGC 7410	NGC 7410	10.4	5.5	GX	GRU	NA
344.3004	-36.4666	I 1459	I 1459	10	1	GX	GRU	NA
348.0254	-28.5333	NGC 7507	NGC 7507	10.4	2.6	GX	SCL	NA
359.4503	-32.5833	NGC 7793	NGC 7793	9.1	9.1	GX	SCL	NA
11.7503	-11.8833	NGC 246	NGC 246	8	3.8	PL	CET	NA
62.3002	30.7833	NGC 1514	NGC 1514	10	1.9	PL	TAU	NA
63.5502	-12.7333	NGC 1535	NGC 1535	10	0.7	PL	ERI	NA
115.4502	-14.7333	NGC 2438	NGC 2438	10	1.1	PL	PUP	NA
140.3502	-58.3167	NGC 2867	NGC 2867	10	0.2	PL	CAR	NA
186.1253	-18.8	NGC 4361	NGC 4361	10	1.8	PL	CRV	NA
203.3754	-65.9834	NGC 5189	NGC 5189	10	2.6	PL	MUS	NA
251.1254	23.8167	NGC 6210	NGC 6210	9	0.2	PL	HER	NA
269.6506	66.6334	NGC 6543	NGC 6543	9	5.8	PL	DRA	NA
273.0254	6.85	NGC 6572	NGC 6572	9	0.1	PL	OPH	NA
290.8004	1.5167	NGC 6790	NGC 6790	10	0.1	PL	AQL	NA
296.0004	-14.15	NGC 6818	NGC 6818	10	0.3	PL	SGR	NA
316.7754	42.2333	NGC 7027	NGC 7027	10	0.3	PL	CYG	NA
13.2003	-26.5833	NGC 288	NGC 288	8.1	13.8	GB	SCL	NA
15.8003	-70.8499	NGC 362	NGC 362	6.6	12.9	GB	TUC	NA
17.0753	-72.8832	NGC 419	NGC 419	10	2.6	GB	TUC	NA
48.0752	-55.2166	NGC 1261	NGC 1261	8.4	6.9	GB	HOR	NA
74.7751	-67.75	NGC 1786	NGC 1786	10.1	1.2	GB	DOR	NA
76.3001	-69.4	NGC 1835	NGC 1835	9.8	1.2	GB	DOR	NA
78.5252	-40.05	NGC 1851	NGC 1851	7.3	11	GB	COL	NA
82.1501	-66.2333	NGC 1978	NGC 1978	9.9	2.7	GB	DOR	NA
92.8751	-69.1333	NGC 2210	NGC 2210	10.2	1.7	GB	DOR	NA
102.2502	-36	NGC 2298	NGC 2298	9.4	6.8	GB	PUP	NA
114.5252	38.8834	NGC 2419	NGC 2419	10.4	4.1	GB	LYN	NA
138.0001	-64.8667	NGC 2808	NGC 2808	6.3	13.8	GB	CAR	NA
154.4002	-46.4167	NGC 3201	NGC 3201	6.8	18.2	GB	VEL	NA
182.5253	18.55	NGC 4147	NGC 4147	10.3	4	GB	COM	NA
186.4503	-72.6668	NGC 4372	NGC 4372	7.8	18.6	GB	MUS	NA
194.9003	-70.8834	NGC 4833	NGC 4833	7.4	13.5	GB	MUS	NA
199.1003	17.7	NGC 5053	NGC 5053	9.8	10.5	GB	COM	NA
206.6004	-51.3667	NGC 5286	NGC 5286	7.6	9.1	GB	CEN	NA
211.3754	28.5334	NGC 5466	NGC 5466	9.1	11	GB	BOO	NA
217.4004	-5.9833	NGC 5634	NGC 5634	9.6	4.9	GB	VIR	NA
219.9004	-26.5334	NGC 5694	NGC 5694	10.2	3.6	GB	HYA	NA
226.0004	-33.0667	NGC 5824	NGC 5824	9	6.2	GB	LUP	NA
229.3504	-21.0167	NGC 5897	NGC 5897	8.6	12.6	GB	LIB	NA
232.0004	-50.6667	NGC 5927	NGC 5927	8.3	12	GB	LUP	NA
233.8754	-50.6667	NGC 5946	NGC 5946	9.6	7.1	GB	NOR	NA
236.5254	-37.7834	NGC 5986	NGC 5986	7.1	9.8	GB	LUP	NA
246.4506	-72.2	NGC 6101	NGC 6101	9.3	10.7	GB	APS	NA
246.8254	-26.0333	NGC 6144	NGC 6144	9.1	9.3	GB	SCO	NA
246.9254	-38.85	NGC 6139	NGC 6139	9.2	5.5	GB	SCO	NA
251.7504	47.5334	NGC 6229	NGC 6229	9.4	4.5	GB	HER	NA
253.3504	-22.1833	NGC 6235	NGC 6235	10.2	5	GB	OPH	NA
256.1254	-24.7667	NGC 6284	NGC 6284	9	5.6	GB	OPH	NA
256.3004	-22.7	NGC 6287	NGC 6287	9.2	5.1	GB	OPH	NA
257.5504	-26.5833	NGC 6293	NGC 6293	8.2	7.9	GB	OPH	NA
258.6254	-29.4667	NGC 6304	NGC 6304	8.4	6.8	GB	OPH	NA
259.1504	-28.1333	NGC 6316	NGC 6316	9	4.9	GB	OPH	NA
260.3004	-19.5833	NGC 6342	NGC 6342	9.9	3	GB	OPH	NA
260.9004	-17.8167	NGC 6356	NGC 6356	8.4	7.2	GB	OPH	NA
261.0004	-26.35	NGC 6355	NGC 6355	9.6	5	GB	OPH	NA
261.3755	-48.4167	NGC 6352	NGC 6352	8.2	7.1	GB	ARA	NA
261.9254	-5.0833	NGC 6366	NGC 6366	10	8.3	GB	OPH	NA
262.9756	-67.05	NGC 6362	NGC 6362	8.3	10.7	GB	ARA	NA
264.0754	-44.7333	NGC 6388	NGC 6388	6.9	8.7	GB	SCO	NA
264.6504	-23.9167	NGC 6401	NGC 6401	9.5	5.6	GB	OPH	NA
265.1755	-53.6667	NGC 6397	NGC 6397	5.7	25.7	GB	ARA	NA
267.2254	-20.3667	NGC 6440	NGC 6440	9.7	5.4	GB	SGR	NA
267.5504	-37.05	NGC 6441	NGC 6441	7.4	7.8	GB	SCO	NA
267.7254	-34.6	NGC 6453	NGC 6453	9.9	3.5	GB	SCO	NA
269.7505	-44.2667	NGC 6496	NGC 6496	9.2	6.9	GB	SCO	NA
270.4504	-8.9667	NGC 6517	NGC 6517	10.3	4.3	GB	OPH	NA
270.9004	-30.0333	NGC 6522	NGC 6522	8.6	5.6	GB	SGR	NA
271.2004	-30.05	NGC 6528	NGC 6528	9.5	3.7	GB	SGR	NA
271.2004	-7.5833	NGC 6539	NGC 6539	9.6	6.9	GB	SER	NA
271.8254	-25	NGC 6544	NGC 6544	8.3	8.9	GB	SGR	NA
272.0005	-43.7	NGC 6541	NGC 6541	6.6	13.1	GB	CRA	NA
272.3254	-25.9	NGC 6553	NGC 6553	8.3	8.1	GB	SGR	NA
273.4004	-31.8333	NGC 6569	NGC 6569	8.7	5.8	GB	SGR	NA
274.6505	-52.2167	NGC 6584	NGC 6584	9.2	7.9	GB	TEL	NA
275.9254	-30.3667	NGC 6624	NGC 6624	8.3	5.9	GB	SGR	NA
277.7254	-25.5	NGC 6638	NGC 6638	9.2	5	GB	SGR	NA
277.9754	-23.4833	NGC 6642	NGC 6642	8.8	4.5	GB	SGR	NA
278.9504	-32.9833	NGC 6652	NGC 6652	8.9	3.5	GB	SGR	NA
283.2754	-8.7	NGC 6712	NGC 6712	8.2	7.2	GB	SCT	NA
284.9004	-36.6333	NGC 6723	NGC 6723	7.3	11	GB	SGR	NA
287.7255	-59.9833	NGC 6752	NGC 6752	5.4	20.4	GB	PAV	NA
287.8004	1.0333	NGC 6760	NGC 6760	9.1	6.6	GB	AQL	NA
308.5504	7.4	NGC 6934	NGC 6934	8.9	5.9	GB	DEL	NA
