"Country or Area Code";"Country or Area";"Year";"Value";"Value Footnotes"
"ALB";"Albania";"2012";"29";"1"
"ALB";"Albania";"2008";"30";"1"
"ALB";"Albania";"2005";"30.6";"1"
"ALB";"Albania";"2002";"31.7";"1"
"ALB";"Albania";"1996";"27";"1"
"DZA";"Algeria";"2011";"27.6";"2"
"DZA";"Algeria";"1995";"35.3";"2"
"DZA";"Algeria";"1988";"40.2";"2"
"AGO";"Angola";"2008";"42.7";"1"
"ARG";"Argentina";"2016";"42.4";"3"
"ARG";"Argentina";"2014";"41.4";"3"
"ARG";"Argentina";"2013";"41";"3"
"ARG";"Argentina";"2012";"41.2";"3"
"ARG";"Argentina";"2011";"42.3";"3"
"ARG";"Argentina";"2010";"43";"3"
"ARG";"Argentina";"2009";"43.9";"3"
"ARG";"Argentina";"2008";"44.5";"3"
"ARG";"Argentina";"2007";"46.3";"3"
"ARG";"Argentina";"2006";"46.6";"3"
"ARG";"Argentina";"2005";"47.7";"3"
"ARG";"Argentina";"2004";"48.3";"3"
"ARG";"Argentina";"2003";"50.7";"3"
"ARG";"Argentina";"2002";"53.8";"3"
"ARG";"Argentina";"2001";"53.3";"3"
"ARG";"Argentina";"2000";"51.1";"3"
"ARG";"Argentina";"1999";"49.8";"3"
"ARG";"Argentina";"1998";"50.7";"3"
"ARG";"Argentina";"1997";"49.1";"3"
"ARG";"Argentina";"1996";"49.5";"3"
"ARG";"Argentina";"1995";"48.9";"3"
"ARG";"Argentina";"1994";"45.9";"3"
"ARG";"Argentina";"1993";"44.9";"3"
"ARG";"Argentina";"1992";"45.5";"3"
"ARG";"Argentina";"1991";"46.8";"3"
"ARG";"Argentina";"1987";"45.3";"4"
"ARG";"Argentina";"1986";"42.8";"4"
"ARG";"Argentina";"1980";"40.8";"4"
"ARM";"Armenia";"2016";"32.5";"1"
"ARM";"Armenia";"2015";"32.4";"1"
"ARM";"Armenia";"2014";"31.5";"1"
"ARM";"Armenia";"2013";"30.6";"1"
"ARM";"Armenia";"2012";"29.6";"1"
"ARM";"Armenia";"2011";"29.4";"1"
"ARM";"Armenia";"2010";"30";"1"
"ARM";"Armenia";"2009";"28";"1"
"ARM";"Armenia";"2008";"29.2";"1"
"ARM";"Armenia";"2007";"31.2";"1"
"ARM";"Armenia";"2006";"29.7";"1"
"ARM";"Armenia";"2005";"36";"1"
"ARM";"Armenia";"2004";"37.5";"1"
"ARM";"Armenia";"2003";"33";"1"
"ARM";"Armenia";"2002";"34.8";"1"
"ARM";"Armenia";"2001";"35.4";"1"
"ARM";"Armenia";"1999";"36.2";"1"
"AUS";"Australia";"2010";"34.7";"5"
"AUS";"Australia";"2008";"35.4";"5"
"AUS";"Australia";"2003";"33.5";"5"
"AUS";"Australia";"2001";"33.5";"5"
"AUS";"Australia";"1995";"32.6";"5"
"AUS";"Australia";"1989";"33.2";"5"
"AUS";"Australia";"1985";"32.5";"5"
"AUS";"Australia";"1981";"31.3";"5"
"AUT";"Austria";"2015";"30.5";"5"
"AUT";"Austria";"2014";"30.5";"5"
"AUT";"Austria";"2013";"30.8";"5"
"AUT";"Austria";"2012";"30.5";"5"
"AUT";"Austria";"2011";"30.8";"5"
"AUT";"Austria";"2010";"30.3";"5"
"AUT";"Austria";"2009";"31.5";"5"
"AUT";"Austria";"2008";"30.4";"5"
"AUT";"Austria";"2007";"30.6";"5"
"AUT";"Austria";"2006";"29.6";"5"
"AUT";"Austria";"2005";"28.7";"5"
"AUT";"Austria";"2004";"29.8";"5"
"AUT";"Austria";"2003";"29.5";"5"
"AZE";"Azerbaijan";"2005";"16.6";"1"
"AZE";"Azerbaijan";"2004";"16.2";"1"
"AZE";"Azerbaijan";"2003";"18.8";"1"
"AZE";"Azerbaijan";"2002";"17.4";"1"
"AZE";"Azerbaijan";"2001";"36.5";"1"
"AZE";"Azerbaijan";"1995";"34.7";"1"
"BGD";"Bangladesh";"2016";"32.4";"1"
"BGD";"Bangladesh";"2010";"32.1";"1"
"BGD";"Bangladesh";"2005";"33.2";"1"
"BGD";"Bangladesh";"2000";"33.4";"1"
"BGD";"Bangladesh";"1995";"32.9";"1"
"BGD";"Bangladesh";"1991";"27.6";"1"
"BGD";"Bangladesh";"1988";"28.8";"2"
"BGD";"Bangladesh";"1985";"26.9";"2"
"BGD";"Bangladesh";"1983";"25.9";"2"
"BLR";"Belarus";"2016";"27";"1"
"BLR";"Belarus";"2015";"26.7";"1"
"BLR";"Belarus";"2014";"27.2";"1"
"BLR";"Belarus";"2013";"26.6";"1"
"BLR";"Belarus";"2012";"26.5";"1"
"BLR";"Belarus";"2011";"27.2";"1"
"BLR";"Belarus";"2010";"28.6";"1"
"BLR";"Belarus";"2009";"27.7";"1"
"BLR";"Belarus";"2008";"27.8";"1"
"BLR";"Belarus";"2007";"29.6";"1"
"BLR";"Belarus";"2006";"28.3";"1"
"BLR";"Belarus";"2005";"27.6";"1"
"BLR";"Belarus";"2004";"26.5";"1"
"BLR";"Belarus";"2003";"28.8";"1"
"BLR";"Belarus";"2002";"30.3";"1"
"BLR";"Belarus";"2001";"30.6";"1"
"BLR";"Belarus";"2000";"31.2";"1"
"BLR";"Belarus";"1999";"31.7";"1"
"BLR";"Belarus";"1998";"32";"1"
"BEL";"Belgium";"2015";"27.7";"5"
"BEL";"Belgium";"2014";"28.1";"5"
"BEL";"Belgium";"2013";"27.7";"5"
"BEL";"Belgium";"2012";"27.5";"5"
"BEL";"Belgium";"2011";"28.1";"5"
"BEL";"Belgium";"2010";"28.4";"5"
"BEL";"Belgium";"2009";"28.5";"5"
"BEL";"Belgium";"2008";"28.4";"5"
"BEL";"Belgium";"2007";"29.2";"5"
"BEL";"Belgium";"2006";"28.1";"5"
"BEL";"Belgium";"2005";"29.3";"5"
"BEL";"Belgium";"2004";"30.5";"5"
"BEL";"Belgium";"2003";"28.1";"5"
"BLZ";"Belize";"1999";"53.3";"5"
"BLZ";"Belize";"1998";"54.9";"5"
"BLZ";"Belize";"1997";"60.4";"5"
"BLZ";"Belize";"1996";"56.6";"5"
"BLZ";"Belize";"1994";"60.9";"5"
"BLZ";"Belize";"1993";"60.3";"5"
"BEN";"Benin";"2015";"47.8";"1"
"BEN";"Benin";"2011";"43.4";"1"
"BEN";"Benin";"2003";"38.6";"1"
"BTN";"Bhutan";"2012";"38.8";"1"
"BTN";"Bhutan";"2007";"38.1";"1"
"BTN";"Bhutan";"2003";"46.8";"1"
"BOL";"Bolivia";"2016";"44.6";"5"
"BOL";"Bolivia";"2015";"46.7";"5"
"BOL";"Bolivia";"2014";"47.8";"5"
"BOL";"Bolivia";"2013";"47.6";"5"
"BOL";"Bolivia";"2012";"46.6";"5"
"BOL";"Bolivia";"2011";"46.1";"5"
"BOL";"Bolivia";"2009";"49.2";"5"
"BOL";"Bolivia";"2008";"50.8";"5"
"BOL";"Bolivia";"2007";"54.5";"5"
"BOL";"Bolivia";"2006";"56.7";"5"
"BOL";"Bolivia";"2005";"58.5";"5"
"BOL";"Bolivia";"2004";"55";"5"
"BOL";"Bolivia";"2002";"59.3";"5"
"BOL";"Bolivia";"2001";"57.4";"5"
"BOL";"Bolivia";"2000";"61.6";"5"
"BOL";"Bolivia";"1999";"58.1";"5"
"BOL";"Bolivia";"1997";"58.2";"5"
"BOL";"Bolivia";"1990";"42";"6"
"BIH";"Bosnia and Herzegovina";"2015";"32.7";"1"
"BIH";"Bosnia and Herzegovina";"2011";"33";"1"
"BIH";"Bosnia and Herzegovina";"2007";"33.1";"1"
"BIH";"Bosnia and Herzegovina";"2004";"34";"1"
"BIH";"Bosnia and Herzegovina";"2001";"30";"1"
"BWA";"Botswana";"2009";"60.5";"1"
"BWA";"Botswana";"2002";"64.7";"1"
"BWA";"Botswana";"1993";"60.8";"2"
"BWA";"Botswana";"1985";"54.2";"2"
"BRA";"Brazil";"2015";"51.3";"5"
"BRA";"Brazil";"2014";"51.5";"5"
"BRA";"Brazil";"2013";"52.8";"5"
"BRA";"Brazil";"2012";"52.6";"5"
"BRA";"Brazil";"2011";"52.9";"5"
"BRA";"Brazil";"2009";"53.7";"5"
"BRA";"Brazil";"2008";"54";"5"
"BRA";"Brazil";"2007";"54.9";"5"
"BRA";"Brazil";"2006";"55.6";"5"
"BRA";"Brazil";"2005";"56.3";"5"
"BRA";"Brazil";"2004";"56.5";"5"
"BRA";"Brazil";"2003";"57.6";"5"
"BRA";"Brazil";"2002";"58.1";"5"
"BRA";"Brazil";"2001";"58.4";"5"
"BRA";"Brazil";"1999";"59";"5"
"BRA";"Brazil";"1998";"59.6";"5"
"BRA";"Brazil";"1997";"59.8";"5"
"BRA";"Brazil";"1996";"59.9";"5"
"BRA";"Brazil";"1995";"59.6";"5"
"BRA";"Brazil";"1993";"60.1";"5"
"BRA";"Brazil";"1992";"53.2";"5"
"BRA";"Brazil";"1990";"60.5";"5"
"BRA";"Brazil";"1989";"63.3";"5"
"BRA";"Brazil";"1988";"61.4";"5"
"BRA";"Brazil";"1987";"59.7";"5"
"BRA";"Brazil";"1986";"58.5";"5"
"BRA";"Brazil";"1985";"55.6";"5"
"BRA";"Brazil";"1984";"58.4";"5"
"BRA";"Brazil";"1983";"59";"5"
"BRA";"Brazil";"1982";"58.4";"5"
"BRA";"Brazil";"1981";"58";"5"
"BGR";"Bulgaria";"2014";"37.4";"5"
"BGR";"Bulgaria";"2013";"36.6";"5"
"BGR";"Bulgaria";"2012";"36";"5"
"BGR";"Bulgaria";"2011";"34.3";"5"
"BGR";"Bulgaria";"2010";"35.7";"5"
"BGR";"Bulgaria";"2009";"33.8";"5"
"BGR";"Bulgaria";"2008";"33.6";"5"
"BGR";"Bulgaria";"2007";"36.1";"5"
"BGR";"Bulgaria";"2006";"35.7";"5"
"BGR";"Bulgaria";"1992";"30.7";"6"
"BFA";"Burkina Faso";"2014";"35.3";"1"
"BFA";"Burkina Faso";"2009";"39.8";"1"
"BFA";"Burkina Faso";"2003";"43.3";"1"
"BFA";"Burkina Faso";"1998";"49.9";"1"
"BFA";"Burkina Faso";"1994";"48.1";"1"
"BDI";"Burundi";"2013";"38.6";"1"
"BDI";"Burundi";"2006";"33.4";"1"
"BDI";"Burundi";"1998";"42.3";"1"
"BDI";"Burundi";"1992";"33.3";"2"
"CIV";"CÃ´te d'Ivoire";"2015";"41.5";"1"
"CIV";"CÃ´te d'Ivoire";"2008";"43.2";"1"
"CIV";"CÃ´te d'Ivoire";"2002";"41.3";"1"
"CIV";"CÃ´te d'Ivoire";"1998";"39";"1"
"CIV";"CÃ´te d'Ivoire";"1995";"40.6";"1"
"CIV";"CÃ´te d'Ivoire";"1992";"39.4";"1"
"CIV";"CÃ´te d'Ivoire";"1988";"36.9";"1"
"CIV";"CÃ´te d'Ivoire";"1987";"40.5";"1"
"CIV";"CÃ´te d'Ivoire";"1986";"38";"1"
"CIV";"CÃ´te d'Ivoire";"1985";"45.5";"1"
"CPV";"Cabo Verde";"2007";"47.2";"1"
"CPV";"Cabo Verde";"2001";"52.5";"1"
"CMR";"Cameroon";"2014";"46.6";"1"
"CMR";"Cameroon";"2007";"42.8";"1"
"CMR";"Cameroon";"2001";"42.1";"1"
"CMR";"Cameroon";"1996";"44.4";"1"
"CAN";"Canada";"2013";"34";"5"
"CAN";"Canada";"2010";"33.6";"5"
"CAN";"Canada";"2007";"33.8";"5"
"CAN";"Canada";"2004";"33.7";"5"
"CAN";"Canada";"2000";"33.3";"5"
"CAN";"Canada";"1998";"33.2";"5"
"CAN";"Canada";"1997";"31.6";"5"
"CAN";"Canada";"1994";"31.3";"5"
"CAN";"Canada";"1991";"31";"5"
"CAN";"Canada";"1987";"31.5";"5"
"CAN";"Canada";"1981";"32.4";"5"
"CAF";"Central African Republic";"2008";"56.2";"1"
"CAF";"Central African Republic";"2003";"43.6";"1"
"CAF";"Central African Republic";"1992";"61.3";"2"
"TCD";"Chad";"2011";"43.3";"1"
"TCD";"Chad";"2003";"39.8";"1"
"CHL";"Chile";"2015";"47.7";"5"
"CHL";"Chile";"2013";"47.3";"5"
"CHL";"Chile";"2011";"47.6";"5"
"CHL";"Chile";"2009";"49";"5"
"CHL";"Chile";"2006";"48.2";"5"
"CHL";"Chile";"2003";"51.5";"5"
"CHL";"Chile";"2000";"52.8";"5"
"CHL";"Chile";"1998";"55.5";"5"
"CHL";"Chile";"1996";"54.9";"5"
"CHL";"Chile";"1994";"56.4";"5"
"CHL";"Chile";"1992";"54.8";"5"
"CHL";"Chile";"1990";"57.2";"5"
"CHL";"Chile";"1987";"56.2";"5"
"CHN";"China";"2012";"42.2";"7"
"CHN";"China";"2008";"42.8";"7"
"COL";"Colombia";"2016";"50.8";"5"
"COL";"Colombia";"2015";"51.1";"5"
"COL";"Colombia";"2014";"52.8";"5"
"COL";"Colombia";"2013";"52.9";"5"
"COL";"Colombia";"2012";"52.9";"5"
"COL";"Colombia";"2011";"53.6";"5"
"COL";"Colombia";"2010";"54.8";"5"
"COL";"Colombia";"2009";"54.5";"5"
"COL";"Colombia";"2008";"55.4";"5"
"COL";"Colombia";"2005";"53.7";"5"
"COL";"Colombia";"2004";"54.8";"5"
"COL";"Colombia";"2003";"53.4";"5"
"COL";"Colombia";"2002";"55.8";"5"
"COL";"Colombia";"2001";"57.2";"5"
"COL";"Colombia";"2000";"58.7";"5"
"COL";"Colombia";"1999";"58.7";"5"
"COL";"Colombia";"1996";"56.9";"5"
"COL";"Colombia";"1992";"51.5";"5"
"COM";"Comoros";"2013";"45.3";"1"
"COM";"Comoros";"2004";"55.9";"1"
"COG";"Congo";"2011";"48.9";"1"
"COG";"Congo";"2005";"47.3";"1"
"CRI";"Costa Rica";"2016";"48.7";"5"
"CRI";"Costa Rica";"2015";"48.4";"5"
"CRI";"Costa Rica";"2014";"48.6";"5"
"CRI";"Costa Rica";"2013";"49.3";"5"
"CRI";"Costa Rica";"2012";"48.6";"5"
"CRI";"Costa Rica";"2011";"48.7";"5"
"CRI";"Costa Rica";"2010";"48.2";"5"
"CRI";"Costa Rica";"2009";"50.6";"5"
"CRI";"Costa Rica";"2008";"48.7";"5"
"CRI";"Costa Rica";"2007";"49.3";"5"
"CRI";"Costa Rica";"2006";"49.4";"5"
"CRI";"Costa Rica";"2005";"47.5";"5"
"CRI";"Costa Rica";"2004";"48.3";"5"
"CRI";"Costa Rica";"2003";"49.3";"5"
"CRI";"Costa Rica";"2002";"51.9";"5"
"CRI";"Costa Rica";"2001";"51.6";"5"
"CRI";"Costa Rica";"2000";"47.4";"5"
"CRI";"Costa Rica";"1999";"47.7";"5"
"CRI";"Costa Rica";"1998";"45.7";"5"
"CRI";"Costa Rica";"1997";"45.6";"5"
"CRI";"Costa Rica";"1996";"46.5";"5"
"CRI";"Costa Rica";"1995";"45.7";"5"
"CRI";"Costa Rica";"1994";"46.8";"5"
"CRI";"Costa Rica";"1993";"46";"5"
"CRI";"Costa Rica";"1992";"45.7";"5"
"CRI";"Costa Rica";"1991";"46.6";"5"
"CRI";"Costa Rica";"1990";"45.3";"5"
"CRI";"Costa Rica";"1989";"46.7";"5"
"CRI";"Costa Rica";"1986";"34.4";"6"
"CRI";"Costa Rica";"1981";"47.5";"6"
"HRV";"Croatia";"2015";"30.8";"5"
"HRV";"Croatia";"2014";"32.1";"5"
"HRV";"Croatia";"2013";"32";"5"
"HRV";"Croatia";"2012";"32.5";"5"
"HRV";"Croatia";"2011";"32.3";"5"
"HRV";"Croatia";"2010";"32.4";"5"
"HRV";"Croatia";"2009";"32.6";"5"
"HRV";"Croatia";"1988";"22.8";"6"
"CYP";"Cyprus";"2015";"34";"5"
"CYP";"Cyprus";"2014";"35.6";"5"
"CYP";"Cyprus";"2013";"37";"5"
"CYP";"Cyprus";"2012";"34.3";"5"
"CYP";"Cyprus";"2011";"32.6";"5"
"CYP";"Cyprus";"2010";"31.5";"5"
"CYP";"Cyprus";"2009";"32.1";"5"
"CYP";"Cyprus";"2008";"31.7";"5"
"CYP";"Cyprus";"2007";"31.1";"5"
"CYP";"Cyprus";"2006";"31.1";"5"
"CYP";"Cyprus";"2005";"30.3";"5"
"CYP";"Cyprus";"2004";"30.1";"5"
"CZE";"Czech Republic";"2015";"25.9";"5"
"CZE";"Czech Republic";"2014";"25.9";"5"
"CZE";"Czech Republic";"2013";"26.5";"5"
"CZE";"Czech Republic";"2012";"26.1";"5"
"CZE";"Czech Republic";"2011";"26.4";"5"
"CZE";"Czech Republic";"2010";"26.6";"5"
"CZE";"Czech Republic";"2009";"26.2";"5"
"CZE";"Czech Republic";"2008";"26.3";"5"
"CZE";"Czech Republic";"2007";"26";"5"
"CZE";"Czech Republic";"2006";"26.7";"5"
"CZE";"Czech Republic";"2005";"26.9";"5"
"CZE";"Czech Republic";"2004";"27.5";"5"
"CZE";"Czech Republic";"1996";"25.8";"6"
"CZE";"Czech Republic";"1993";"26.6";"6"
"COD";"Dem. Rep. Congo";"2012";"42.1";"1"
"COD";"Dem. Rep. Congo";"2004";"42.2";"1"
"DNK";"Denmark";"2015";"28.2";"5"
"DNK";"Denmark";"2014";"28.4";"5"
"DNK";"Denmark";"2013";"28.5";"5"
"DNK";"Denmark";"2012";"27.8";"5"
"DNK";"Denmark";"2011";"27.3";"5"
"DNK";"Denmark";"2010";"27.2";"5"
"DNK";"Denmark";"2009";"26.7";"5"
"DNK";"Denmark";"2008";"25.2";"5"
"DNK";"Denmark";"2007";"26.2";"5"
"DNK";"Denmark";"2006";"25.9";"5"
"DNK";"Denmark";"2005";"25.2";"5"
"DNK";"Denmark";"2004";"24.9";"5"
"DNK";"Denmark";"2003";"25.6";"5"
"DJI";"Djibouti";"2013";"44.1";"1"
"DJI";"Djibouti";"2012";"45.1";"1"
"DJI";"Djibouti";"2002";"40";"1"
"DOM";"Dominican Republic";"2016";"45.3";"5"
"DOM";"Dominican Republic";"2015";"44.7";"5"
"DOM";"Dominican Republic";"2014";"44.1";"5"
"DOM";"Dominican Republic";"2013";"47";"5"
"DOM";"Dominican Republic";"2012";"45.6";"5"
"DOM";"Dominican Republic";"2011";"47.4";"5"
"DOM";"Dominican Republic";"2010";"46.9";"5"
"DOM";"Dominican Republic";"2009";"48.5";"5"
"DOM";"Dominican Republic";"2008";"47.8";"5"
"DOM";"Dominican Republic";"2007";"48.6";"5"
"DOM";"Dominican Republic";"2006";"51.8";"5"
"DOM";"Dominican Republic";"2005";"49.9";"5"
"DOM";"Dominican Republic";"2004";"52";"5"
"DOM";"Dominican Republic";"2003";"52";"5"
"DOM";"Dominican Republic";"2002";"50";"5"
"DOM";"Dominican Republic";"2001";"50.4";"5"
"DOM";"Dominican Republic";"2000";"52";"5"
"DOM";"Dominican Republic";"1997";"48.9";"5"
"DOM";"Dominican Republic";"1996";"47.4";"5"
"DOM";"Dominican Republic";"1992";"51.4";"6"
"DOM";"Dominican Republic";"1989";"50.5";"6"
"DOM";"Dominican Republic";"1986";"47.8";"6"
"ECU";"Ecuador";"2016";"45";"5"
"ECU";"Ecuador";"2015";"46";"5"
"ECU";"Ecuador";"2014";"45";"5"
"ECU";"Ecuador";"2013";"46.9";"5"
"ECU";"Ecuador";"2012";"46.1";"5"
"ECU";"Ecuador";"2011";"45.9";"5"
"ECU";"Ecuador";"2010";"48.7";"5"
"ECU";"Ecuador";"2009";"48.4";"5"
"ECU";"Ecuador";"2008";"49.7";"5"
"ECU";"Ecuador";"2007";"53.3";"5"
"ECU";"Ecuador";"2006";"52.2";"5"
"ECU";"Ecuador";"2005";"53.1";"5"
"ECU";"Ecuador";"2004";"53.9";"5"
"ECU";"Ecuador";"2003";"53.4";"5"
"ECU";"Ecuador";"2000";"56.4";"5"
"ECU";"Ecuador";"1999";"58.6";"5"
"ECU";"Ecuador";"1998";"49.7";"5"
"ECU";"Ecuador";"1994";"53.4";"5"
"ECU";"Ecuador";"1987";"50.5";"6"
"EGY";"Egypt";"2015";"31.8";"8"
"EGY";"Egypt";"2012";"29.8";"8"
"EGY";"Egypt";"2010";"31.5";"8"
"EGY";"Egypt";"2008";"31.1";"8"
"EGY";"Egypt";"2004";"31.8";"8"
"EGY";"Egypt";"1999";"32.8";"9"
"EGY";"Egypt";"1995";"30.1";"9"
"EGY";"Egypt";"1990";"32";"9"
"SLV";"El Salvador";"2016";"40";"5"
"SLV";"El Salvador";"2015";"40.6";"5"
"SLV";"El Salvador";"2014";"41.6";"5"
"SLV";"El Salvador";"2013";"43.4";"5"
"SLV";"El Salvador";"2012";"41.8";"5"
"SLV";"El Salvador";"2011";"42.3";"5"
"SLV";"El Salvador";"2010";"43.5";"5"
"SLV";"El Salvador";"2009";"45.8";"5"
"SLV";"El Salvador";"2008";"46.9";"5"
"SLV";"El Salvador";"2007";"45.2";"5"
"SLV";"El Salvador";"2006";"45.7";"5"
"SLV";"El Salvador";"2005";"48.5";"5"
"SLV";"El Salvador";"2004";"47.8";"5"
"SLV";"El Salvador";"2003";"50.4";"5"
"SLV";"El Salvador";"2002";"51.9";"5"
"SLV";"El Salvador";"2001";"51.4";"5"
"SLV";"El Salvador";"2000";"51.5";"5"
"SLV";"El Salvador";"1999";"52.2";"5"
"SLV";"El Salvador";"1998";"54.5";"5"
"SLV";"El Salvador";"1996";"51";"5"
"SLV";"El Salvador";"1995";"49.9";"5"
"SLV";"El Salvador";"1991";"54";"5"
"EST";"Estonia";"2015";"32.7";"5"
"EST";"Estonia";"2014";"34.6";"5"
"EST";"Estonia";"2013";"35.1";"5"
"EST";"Estonia";"2012";"32.9";"5"
"EST";"Estonia";"2011";"32.5";"5"
"EST";"Estonia";"2010";"32";"5"
"EST";"Estonia";"2009";"31.4";"5"
"EST";"Estonia";"2008";"31.9";"5"
"EST";"Estonia";"2007";"31.2";"5"
"EST";"Estonia";"2006";"33.7";"5"
"EST";"Estonia";"2005";"33.4";"5"
"EST";"Estonia";"2004";"33.6";"5"
"EST";"Estonia";"2003";"37.2";"5"
"EST";"Estonia";"1993";"39.5";"6"
"ETH";"Ethiopia";"2015";"39.1";"1"
"ETH";"Ethiopia";"2010";"33.2";"1"
"ETH";"Ethiopia";"2004";"29.8";"1"
"ETH";"Ethiopia";"1999";"30";"1"
"ETH";"Ethiopia";"1995";"44.6";"1"
"FJI";"Fiji";"2013";"36.4";"1"
"FJI";"Fiji";"2008";"40.4";"1"
"FJI";"Fiji";"2002";"38.1";"1"
"FIN";"Finland";"2015";"27.1";"5"
"FIN";"Finland";"2014";"26.8";"5"
"FIN";"Finland";"2013";"27.2";"5"
"FIN";"Finland";"2012";"27.1";"5"
"FIN";"Finland";"2011";"27.6";"5"
"FIN";"Finland";"2010";"27.7";"5"
"FIN";"Finland";"2009";"27.5";"5"
"FIN";"Finland";"2008";"27.8";"5"
"FIN";"Finland";"2007";"28.3";"5"
"FIN";"Finland";"2006";"28";"5"
"FIN";"Finland";"2005";"27.6";"5"
"FIN";"Finland";"2004";"27.9";"5"
"FIN";"Finland";"2003";"27.7";"5"
"FRA";"France";"2015";"32.7";"5"
"FRA";"France";"2014";"32.3";"5"
"FRA";"France";"2013";"32.5";"5"
"FRA";"France";"2012";"33.1";"5"
"FRA";"France";"2011";"33.3";"5"
"FRA";"France";"2010";"33.7";"5"
"FRA";"France";"2009";"32.7";"5"
"FRA";"France";"2008";"33";"5"
"FRA";"France";"2007";"32.4";"5"
"FRA";"France";"2006";"29.7";"5"
"FRA";"France";"2005";"29.8";"5"
"FRA";"France";"2004";"30.6";"5"
"FRA";"France";"2003";"31.4";"5"
"GAB";"Gabon";"2005";"42.2";"1"
"GEO";"Georgia";"2016";"36.5";"1"
"GEO";"Georgia";"2015";"36.4";"1"
"GEO";"Georgia";"2014";"37.3";"1"
"GEO";"Georgia";"2013";"38.4";"1"
"GEO";"Georgia";"2012";"38.8";"1"
"GEO";"Georgia";"2011";"39.5";"1"
"GEO";"Georgia";"2010";"40.1";"1"
"GEO";"Georgia";"2009";"38.1";"1"
"GEO";"Georgia";"2008";"38.2";"1"
"GEO";"Georgia";"2007";"38.3";"1"
"GEO";"Georgia";"2006";"36.9";"1"
"GEO";"Georgia";"2005";"37.3";"1"
"GEO";"Georgia";"2004";"36.3";"1"
"GEO";"Georgia";"2003";"36.7";"1"
"GEO";"Georgia";"2002";"37.3";"1"
"GEO";"Georgia";"2001";"39.6";"1"
"GEO";"Georgia";"2000";"40.5";"1"
"GEO";"Georgia";"1999";"40.1";"1"
"GEO";"Georgia";"1998";"41.3";"1"
"GEO";"Georgia";"1997";"40.7";"1"
"GEO";"Georgia";"1996";"37.1";"2"
"DEU";"Germany";"2015";"31.7";"5"
"DEU";"Germany";"2013";"31.1";"5"
"DEU";"Germany";"2011";"30.5";"5"
"DEU";"Germany";"2010";"30.2";"5"
"DEU";"Germany";"2007";"31.3";"5"
"DEU";"Germany";"2006";"31.3";"5"
"DEU";"Germany";"2004";"30.4";"5"
"DEU";"Germany";"2001";"30.3";"5"
"DEU";"Germany";"2000";"28.8";"5"
"DEU";"Germany";"1994";"29.2";"5"
"DEU";"Germany";"1991";"29.2";"5"
"GHA";"Ghana";"2012";"42.4";"1"
"GHA";"Ghana";"2005";"42.8";"1"
"GHA";"Ghana";"1998";"40.1";"1"
"GHA";"Ghana";"1991";"38.4";"1"
"GHA";"Ghana";"1988";"36";"2"
"GHA";"Ghana";"1987";"35.3";"2"
"GRC";"Greece";"2015";"36";"5"
"GRC";"Greece";"2014";"35.8";"5"
"GRC";"Greece";"2013";"36.1";"5"
"GRC";"Greece";"2012";"36.2";"5"
"GRC";"Greece";"2011";"34.8";"5"
"GRC";"Greece";"2010";"34.1";"5"
"GRC";"Greece";"2009";"33.6";"5"
"GRC";"Greece";"2008";"33.6";"5"
"GRC";"Greece";"2007";"34";"5"
"GRC";"Greece";"2006";"35.1";"5"
"GRC";"Greece";"2005";"34.6";"5"
"GRC";"Greece";"2004";"33.6";"5"
"GRC";"Greece";"2003";"32.8";"5"
"GTM";"Guatemala";"2014";"48.3";"5"
"GTM";"Guatemala";"2006";"54.6";"5"
"GTM";"Guatemala";"2000";"54.2";"5"
"GTM";"Guatemala";"1989";"59.6";"6"
"GTM";"Guatemala";"1986";"58.3";"6"
"GIN";"Guinea";"2012";"33.7";"1"
"GIN";"Guinea";"2007";"39.4";"1"
"GIN";"Guinea";"2002";"43";"1"
"GIN";"Guinea";"1994";"46.1";"1"
"GIN";"Guinea";"1991";"46.8";"2"
"GNB";"Guinea-Bissau";"2010";"50.7";"1"
"GNB";"Guinea-Bissau";"2002";"35.6";"1"
"GNB";"Guinea-Bissau";"1993";"43.6";"1"
"GUY";"Guyana";"1998";"44.6";"6"
"HTI";"Haiti";"2012";"41.1";"1"
"HND";"Honduras";"2016";"50";"5"
"HND";"Honduras";"2015";"49.6";"5"
"HND";"Honduras";"2014";"50.4";"5"
"HND";"Honduras";"2013";"52.6";"5"
"HND";"Honduras";"2012";"56.1";"5"
"HND";"Honduras";"2011";"56.2";"5"
"HND";"Honduras";"2010";"53.1";"5"
"HND";"Honduras";"2009";"51.3";"5"
"HND";"Honduras";"2008";"55.5";"5"
"HND";"Honduras";"2007";"55.8";"5"
"HND";"Honduras";"2006";"57.5";"5"
"HND";"Honduras";"2005";"59.5";"5"
"HND";"Honduras";"2004";"58.1";"5"
"HND";"Honduras";"2003";"58.1";"5"
"HND";"Honduras";"2002";"55.7";"5"
"HND";"Honduras";"2001";"55.2";"5"
"HND";"Honduras";"1999";"55.4";"5"
"HND";"Honduras";"1998";"57.4";"5"
"HND";"Honduras";"1997";"52.7";"5"
"HND";"Honduras";"1996";"55.7";"5"
"HND";"Honduras";"1995";"55.5";"5"
"HND";"Honduras";"1994";"55";"5"
"HND";"Honduras";"1993";"53.5";"5"
"HND";"Honduras";"1992";"51.8";"5"
"HND";"Honduras";"1991";"51.9";"5"
"HND";"Honduras";"1990";"57.4";"6"
"HND";"Honduras";"1989";"59.5";"6"
"HUN";"Hungary";"2015";"30.4";"5"
"HUN";"Hungary";"2014";"30.9";"5"
"HUN";"Hungary";"2013";"31.5";"5"
"HUN";"Hungary";"2012";"30.8";"5"
"HUN";"Hungary";"2011";"29.2";"5"
"HUN";"Hungary";"2010";"29.4";"5"
"HUN";"Hungary";"2009";"27";"5"
"HUN";"Hungary";"2008";"27.5";"5"
"HUN";"Hungary";"2007";"27.9";"5"
"HUN";"Hungary";"2006";"28.3";"5"
"HUN";"Hungary";"2005";"34.7";"5"
"HUN";"Hungary";"2004";"29.9";"5"
"HUN";"Hungary";"1993";"27.9";"6"
"HUN";"Hungary";"1989";"25";"6"
"HUN";"Hungary";"1987";"21";"6"
"ISL";"Iceland";"2014";"25.6";"5"
"ISL";"Iceland";"2013";"25.4";"5"
"ISL";"Iceland";"2012";"26.8";"5"
"ISL";"Iceland";"2011";"26.8";"5"
"ISL";"Iceland";"2010";"26.2";"5"
"ISL";"Iceland";"2009";"28.7";"5"
"ISL";"Iceland";"2008";"31.8";"5"
"ISL";"Iceland";"2007";"29.5";"5"
"ISL";"Iceland";"2006";"30.2";"5"
"ISL";"Iceland";"2005";"29";"5"
"ISL";"Iceland";"2004";"28";"5"
"ISL";"Iceland";"2003";"26.8";"5"
"IND";"India";"2011";"35.1";"10"
"IDN";"Indonesia";"2013";"39.5";"10"
"IRN";"Iran";"2014";"38.8";"1"
"IRN";"Iran";"2013";"37.4";"1"
"IRN";"Iran";"2009";"42.1";"1"
"IRN";"Iran";"2006";"44.8";"1"
"IRN";"Iran";"2005";"43.6";"1"
"IRN";"Iran";"1998";"44.1";"2"
"IRN";"Iran";"1994";"43";"2"
"IRN";"Iran";"1990";"43.6";"2"
"IRN";"Iran";"1986";"47.4";"2"
"IRQ";"Iraq";"2012";"29.5";"8"
"IRQ";"Iraq";"2006";"28.6";"8"
"IRL";"Ireland";"2014";"31.9";"5"
"IRL";"Ireland";"2013";"33.5";"5"
"IRL";"Ireland";"2012";"33.2";"5"
"IRL";"Ireland";"2011";"32.9";"5"
"IRL";"Ireland";"2010";"32.3";"5"
"IRL";"Ireland";"2009";"32.7";"5"
"IRL";"Ireland";"2008";"30.9";"5"
"IRL";"Ireland";"2007";"31.9";"5"
"IRL";"Ireland";"2006";"32.7";"5"
"IRL";"Ireland";"2005";"33.7";"5"
"IRL";"Ireland";"2004";"33.6";"5"
"IRL";"Ireland";"2003";"32.9";"5"
"ISR";"Israel";"2012";"41.4";"5"
"ISR";"Israel";"2010";"42.5";"5"
"ISR";"Israel";"2007";"41";"5"
"ISR";"Israel";"2005";"41.7";"5"
"ISR";"Israel";"2001";"38.9";"5"
"ISR";"Israel";"1997";"38.1";"5"
"ISR";"Israel";"1992";"35.5";"5"
"ISR";"Israel";"1986";"36.5";"5"
"ISR";"Israel";"1979";"36.3";"5"
"ITA";"Italy";"2014";"34.7";"5"
"ITA";"Italy";"2013";"34.9";"5"
"ITA";"Italy";"2012";"35.2";"5"
"ITA";"Italy";"2011";"35.1";"5"
"ITA";"Italy";"2010";"34.7";"5"
"ITA";"Italy";"2009";"33.8";"5"
"ITA";"Italy";"2008";"33.8";"5"
"ITA";"Italy";"2007";"32.9";"5"
"ITA";"Italy";"2006";"33.7";"5"
"ITA";"Italy";"2005";"33.8";"5"
"ITA";"Italy";"2004";"34.3";"5"
"ITA";"Italy";"2003";"34.9";"5"
"JAM";"Jamaica";"2004";"45.5";"1"
"JAM";"Jamaica";"2002";"48.3";"1"
"JAM";"Jamaica";"1999";"44.1";"1"
"JAM";"Jamaica";"1996";"40.4";"1"
"JAM";"Jamaica";"1993";"35.7";"2"
"JAM";"Jamaica";"1990";"41.1";"1"
"JAM";"Jamaica";"1988";"43.2";"2"
"JPN";"Japan";"2008";"32.1";"5"
"JOR";"Jordan";"2010";"33.7";"8"
"JOR";"Jordan";"2008";"32.6";"8"
"JOR";"Jordan";"2006";"33.9";"8"
"JOR";"Jordan";"2002";"37";"8"
"JOR";"Jordan";"1997";"36.4";"9"
"JOR";"Jordan";"1992";"43.4";"9"
"JOR";"Jordan";"1986";"36.1";"9"
"KAZ";"Kazakhstan";"2015";"26.9";"1"
"KAZ";"Kazakhstan";"2014";"27";"1"
"KAZ";"Kazakhstan";"2013";"27.1";"1"
"KAZ";"Kazakhstan";"2012";"28.1";"1"
"KAZ";"Kazakhstan";"2011";"28";"1"
"KAZ";"Kazakhstan";"2010";"28";"1"
"KAZ";"Kazakhstan";"2009";"28.2";"1"
"KAZ";"Kazakhstan";"2008";"28.5";"1"
"KAZ";"Kazakhstan";"2007";"30.1";"1"
"KAZ";"Kazakhstan";"2006";"30.3";"1"
"KAZ";"Kazakhstan";"2005";"39.9";"1"
"KAZ";"Kazakhstan";"2004";"32";"1"
"KAZ";"Kazakhstan";"2003";"33.8";"1"
"KAZ";"Kazakhstan";"2002";"34.9";"1"
"KAZ";"Kazakhstan";"2001";"36";"1"
"KAZ";"Kazakhstan";"1996";"35.4";"1"
"KEN";"Kenya";"2005";"48.5";"1"
"KEN";"Kenya";"1997";"46.3";"1"
"KEN";"Kenya";"1994";"43.9";"1"
"KEN";"Kenya";"1992";"57.5";"2"
"KIR";"Kiribati";"2006";"37";"1"
"KOR";"Korea";"2012";"31.6";"5"
"KOR";"Korea";"2010";"32";"5"
"KOR";"Korea";"2008";"32.3";"5"
"KOR";"Korea";"2006";"31.7";"5"
"XKX";"Kosovo";"2015";"26.4";"8"
"XKX";"Kosovo";"2014";"27.3";"8"
"XKX";"Kosovo";"2013";"26.3";"8"
"XKX";"Kosovo";"2012";"29";"8"
"XKX";"Kosovo";"2011";"27.8";"8"
"XKX";"Kosovo";"2010";"33.3";"8"
"XKX";"Kosovo";"2009";"31.8";"8"
"XKX";"Kosovo";"2006";"30.3";"8"
"XKX";"Kosovo";"2005";"31.2";"8"
"XKX";"Kosovo";"2003";"29";"8"
"KGZ";"Kyrgyz Republic";"2016";"26.8";"1"
"KGZ";"Kyrgyz Republic";"2015";"29";"1"
"KGZ";"Kyrgyz Republic";"2014";"26.8";"1"
"KGZ";"Kyrgyz Republic";"2013";"28.8";"1"
"KGZ";"Kyrgyz Republic";"2012";"27.4";"1"
"KGZ";"Kyrgyz Republic";"2011";"27.8";"1"
"KGZ";"Kyrgyz Republic";"2010";"30.1";"1"
"KGZ";"Kyrgyz Republic";"2009";"29.9";"1"
"KGZ";"Kyrgyz Republic";"2008";"31.5";"1"
"KGZ";"Kyrgyz Republic";"2007";"33.9";"1"
"KGZ";"Kyrgyz Republic";"2006";"37.4";"1"
"KGZ";"Kyrgyz Republic";"2005";"32.6";"1"
"KGZ";"Kyrgyz Republic";"2004";"34.8";"1"
"KGZ";"Kyrgyz Republic";"2003";"28.7";"1"
"KGZ";"Kyrgyz Republic";"2002";"30.3";"1"
"KGZ";"Kyrgyz Republic";"2001";"30.2";"1"
"KGZ";"Kyrgyz Republic";"2000";"31";"1"
"KGZ";"Kyrgyz Republic";"1998";"46.4";"1"
"LAO";"Lao PDR";"2012";"36.4";"1"
"LAO";"Lao PDR";"2007";"35.4";"1"
"LAO";"Lao PDR";"2002";"32.6";"1"
"LAO";"Lao PDR";"1997";"34.9";"1"
"LAO";"Lao PDR";"1992";"34.3";"1"
"LVA";"Latvia";"2015";"34.2";"5"
"LVA";"Latvia";"2014";"35.1";"5"
"LVA";"Latvia";"2013";"35.5";"5"
"LVA";"Latvia";"2012";"35.2";"5"
"LVA";"Latvia";"2011";"35.8";"5"
"LVA";"Latvia";"2010";"35";"5"
"LVA";"Latvia";"2009";"35.9";"5"
"LVA";"Latvia";"2008";"37.2";"5"
"LVA";"Latvia";"2007";"37.5";"5"
"LVA";"Latvia";"2006";"35.6";"5"
"LVA";"Latvia";"2005";"39";"5"
"LVA";"Latvia";"2004";"36.4";"5"
"LVA";"Latvia";"1996";"31.6";"6"
"LVA";"Latvia";"1995";"31";"6"
"LVA";"Latvia";"1993";"27";"6"
"LBN";"Lebanon";"2011";"31.8";"8"
"LSO";"Lesotho";"2010";"54.2";"1"
"LSO";"Lesotho";"2002";"51.6";"1"
"LSO";"Lesotho";"1994";"63.2";"1"
"LSO";"Lesotho";"1986";"56";"2"
"LBR";"Liberia";"2014";"33.2";"1"
"LBR";"Liberia";"2007";"36.5";"1"
"LTU";"Lithuania";"2015";"37.4";"5"
"LTU";"Lithuania";"2014";"37.7";"5"
"LTU";"Lithuania";"2013";"35.3";"5"
"LTU";"Lithuania";"2012";"35.1";"5"
"LTU";"Lithuania";"2011";"32.5";"5"
"LTU";"Lithuania";"2010";"33.6";"5"
"LTU";"Lithuania";"2009";"37.2";"5"
"LTU";"Lithuania";"2008";"35.7";"5"
"LTU";"Lithuania";"2007";"34.8";"5"
"LTU";"Lithuania";"2006";"34.4";"5"
"LTU";"Lithuania";"2005";"35.3";"5"
"LTU";"Lithuania";"2004";"37";"5"
"LTU";"Lithuania";"1993";"33.6";"6"
"LUX";"Luxembourg";"2014";"31.2";"5"
"LUX";"Luxembourg";"2013";"32";"5"
"LUX";"Luxembourg";"2012";"34.3";"5"
"LUX";"Luxembourg";"2011";"32.1";"5"
"LUX";"Luxembourg";"2010";"30.5";"5"
"LUX";"Luxembourg";"2009";"31.2";"5"
"LUX";"Luxembourg";"2008";"32.6";"5"
"LUX";"Luxembourg";"2007";"31.1";"5"
"LUX";"Luxembourg";"2006";"30.9";"5"
"LUX";"Luxembourg";"2005";"30.8";"5"
"LUX";"Luxembourg";"2004";"30.2";"5"
"LUX";"Luxembourg";"2003";"30.2";"5"
"MKD";"Macedonia";"2014";"35.6";"5"
"MKD";"Macedonia";"2013";"36.9";"5"
"MKD";"Macedonia";"2012";"38.5";"5"
"MKD";"Macedonia";"2011";"40.1";"5"
"MKD";"Macedonia";"2010";"40.2";"5"
"MDG";"Madagascar";"2012";"42.6";"1"
"MDG";"Madagascar";"2010";"42.4";"1"
"MDG";"Madagascar";"2005";"39.9";"1"
"MDG";"Madagascar";"2001";"47.4";"1"
"MDG";"Madagascar";"1999";"38.6";"1"
"MDG";"Madagascar";"1997";"39.5";"1"
"MDG";"Madagascar";"1993";"45.3";"1"
"MDG";"Madagascar";"1980";"46.8";"2"
"MWI";"Malawi";"2010";"45.5";"1"
"MWI";"Malawi";"2004";"39.9";"1"
"MWI";"Malawi";"1997";"65.8";"1"
"MYS";"Malaysia";"2009";"46.3";"5"
"MYS";"Malaysia";"2007";"46.1";"5"
"MYS";"Malaysia";"2004";"46.1";"5"
"MYS";"Malaysia";"1997";"49.1";"6"
"MYS";"Malaysia";"1995";"48.5";"6"
"MYS";"Malaysia";"1992";"47.7";"6"
"MYS";"Malaysia";"1989";"46.2";"6"
"MYS";"Malaysia";"1987";"47";"6"
"MYS";"Malaysia";"1984";"48.6";"6"
"MDV";"Maldives";"2009";"38.4";"1"
"MDV";"Maldives";"2002";"41.3";"1"
"MLI";"Mali";"2009";"33";"1"
"MLI";"Mali";"2006";"38.9";"1"
"MLI";"Mali";"2001";"39.9";"1"
"MLI";"Mali";"1994";"50.4";"1"
"MLT";"Malta";"2014";"29";"5"
"MLT";"Malta";"2013";"28.8";"5"
"MLT";"Malta";"2012";"29.4";"5"
"MLT";"Malta";"2011";"29.1";"5"
"MLT";"Malta";"2010";"29";"5"
"MLT";"Malta";"2009";"30.2";"5"
"MLT";"Malta";"2008";"29";"5"
"MLT";"Malta";"2007";"29.2";"5"
"MLT";"Malta";"2006";"28";"5"
"MRT";"Mauritania";"2014";"32.6";"1"
"MRT";"Mauritania";"2008";"35.7";"1"
"MRT";"Mauritania";"2004";"40.2";"1"
"MRT";"Mauritania";"2000";"39";"1"
"MRT";"Mauritania";"1995";"37.7";"1"
"MRT";"Mauritania";"1993";"50.1";"2"
"MRT";"Mauritania";"1987";"43.9";"2"
"MUS";"Mauritius";"2012";"35.8";"1"
"MUS";"Mauritius";"2006";"35.7";"1"
"MEX";"Mexico";"2016";"43.4";"1"
"MEX";"Mexico";"2014";"45.8";"1"
"MEX";"Mexico";"2012";"45.4";"1"
"MEX";"Mexico";"2010";"45.3";"1"
"MEX";"Mexico";"2008";"44.6";"1"
"MEX";"Mexico";"2006";"47.7";"1"
"MEX";"Mexico";"2005";"48.9";"1"
"MEX";"Mexico";"2004";"48.3";"1"
"MEX";"Mexico";"2002";"49";"1"
"MEX";"Mexico";"2000";"51.4";"1"
"MEX";"Mexico";"1998";"48.7";"1"
"MEX";"Mexico";"1996";"48.2";"1"
"MEX";"Mexico";"1994";"50.3";"1"
"MEX";"Mexico";"1992";"49.6";"1"
"MEX";"Mexico";"1984";"48.9";"1"
"FSM";"Micronesia";"2013";"40.1";"1"
"FSM";"Micronesia";"2005";"42.4";"1"
"MDA";"Moldova";"2016";"26.3";"1"
"MDA";"Moldova";"2015";"27";"1"
"MDA";"Moldova";"2014";"26.8";"1"
"MDA";"Moldova";"2013";"28.5";"1"
"MDA";"Moldova";"2012";"29.2";"1"
"MDA";"Moldova";"2011";"30.6";"1"
"MDA";"Moldova";"2010";"32.1";"1"
"MDA";"Moldova";"2009";"32.9";"1"
"MDA";"Moldova";"2008";"34.7";"1"
"MDA";"Moldova";"2007";"34.4";"1"
"MDA";"Moldova";"2006";"35.4";"1"
"MDA";"Moldova";"2005";"36.3";"2"
"MDA";"Moldova";"2004";"35";"1"
"MDA";"Moldova";"2003";"34.9";"1"
"MDA";"Moldova";"2002";"35.8";"1"
"MDA";"Moldova";"2001";"38";"1"
"MDA";"Moldova";"2000";"36.4";"1"
"MDA";"Moldova";"1999";"42.6";"1"
"MDA";"Moldova";"1998";"39.5";"1"
"MDA";"Moldova";"1997";"36.9";"1"
"MNG";"Mongolia";"2016";"32.3";"1"
"MNG";"Mongolia";"2014";"32";"1"
"MNG";"Mongolia";"2012";"33.8";"1"
"MNG";"Mongolia";"2011";"33.9";"1"
"MNG";"Mongolia";"2010";"33.1";"1"
"MNG";"Mongolia";"2007";"35.8";"1"
"MNG";"Mongolia";"2002";"32.9";"1"
"MNG";"Mongolia";"1998";"30.3";"2"
"MNG";"Mongolia";"1995";"33.2";"2"
"MNE";"Montenegro";"2014";"31.9";"1"
"MNE";"Montenegro";"2013";"32.4";"1"
"MNE";"Montenegro";"2012";"32.3";"1"
"MNE";"Montenegro";"2011";"30.8";"1"
"MNE";"Montenegro";"2010";"28.9";"1"
"MNE";"Montenegro";"2009";"31";"1"
"MNE";"Montenegro";"2008";"30.5";"1"
"MNE";"Montenegro";"2007";"31.4";"1"
"MNE";"Montenegro";"2006";"30";"1"
"MNE";"Montenegro";"2005";"30.2";"1"
"MAR";"Morocco";"2006";"40.7";"1"
"MAR";"Morocco";"2000";"40.6";"1"
"MAR";"Morocco";"1998";"39.5";"2"
"MAR";"Morocco";"1990";"39.2";"2"
"MAR";"Morocco";"1984";"39.2";"2"
"MOZ";"Mozambique";"2014";"54";"1"
"MOZ";"Mozambique";"2008";"45.6";"1"
"MOZ";"Mozambique";"2002";"47";"1"
"MOZ";"Mozambique";"1996";"53.6";"1"
"MMR";"Myanmar";"2015";"38.1";"8"
"NAM";"Namibia";"2009";"61";"1"
"NAM";"Namibia";"2003";"63.3";"1"
"NPL";"Nepal";"2010";"32.8";"1"
"NPL";"Nepal";"2003";"43.8";"1"
"NPL";"Nepal";"1995";"35.2";"1"
"NLD";"Netherlands";"2015";"29.3";"5"
"NLD";"Netherlands";"2014";"28.6";"5"
"NLD";"Netherlands";"2013";"28.1";"5"
"NLD";"Netherlands";"2012";"27.6";"5"
"NLD";"Netherlands";"2011";"27.7";"5"
"NLD";"Netherlands";"2010";"27.8";"5"
"NLD";"Netherlands";"2009";"27.9";"5"
"NLD";"Netherlands";"2008";"29.3";"5"
"NLD";"Netherlands";"2007";"29.6";"5"
"NLD";"Netherlands";"2006";"30";"5"
"NLD";"Netherlands";"2005";"29";"5"
"NLD";"Netherlands";"2004";"29.8";"5"
"NIC";"Nicaragua";"2014";"46.2";"5"
"NIC";"Nicaragua";"2009";"43.9";"5"
"NIC";"Nicaragua";"2005";"48.8";"5"
"NIC";"Nicaragua";"2001";"52.9";"5"
"NIC";"Nicaragua";"1998";"54.4";"5"
"NIC";"Nicaragua";"1993";"57.4";"5"
"NER";"Niger";"2014";"34.3";"1"
"NER";"Niger";"2011";"31.5";"1"
"NER";"Niger";"2007";"37.3";"1"
"NER";"Niger";"2005";"44.4";"1"
"NER";"Niger";"1994";"41.5";"1"
"NER";"Niger";"1992";"36.1";"2"
"NGA";"Nigeria";"2009";"43";"1"
"NGA";"Nigeria";"2003";"40.1";"1"
"NGA";"Nigeria";"1996";"51.9";"1"
"NGA";"Nigeria";"1992";"45";"1"
"NGA";"Nigeria";"1985";"38.7";"2"
"NOR";"Norway";"2015";"27.5";"5"
"NOR";"Norway";"2014";"26.8";"5"
"NOR";"Norway";"2013";"26.4";"5"
"NOR";"Norway";"2012";"25.7";"5"
"NOR";"Norway";"2011";"25.3";"5"
"NOR";"Norway";"2010";"25.7";"5"
"NOR";"Norway";"2009";"26.2";"5"
"NOR";"Norway";"2008";"27";"5"
"NOR";"Norway";"2007";"27.1";"5"
"NOR";"Norway";"2006";"26.4";"5"
"NOR";"Norway";"2005";"30.6";"5"
"NOR";"Norway";"2004";"31.6";"5"
"NOR";"Norway";"2003";"27.6";"5"
"PAK";"Pakistan";"2013";"30.7";"1"
"PAK";"Pakistan";"2011";"30.9";"1"
"PAK";"Pakistan";"2010";"29.8";"1"
"PAK";"Pakistan";"2007";"31.6";"1"
"PAK";"Pakistan";"2005";"32.7";"1"
"PAK";"Pakistan";"2004";"32.5";"1"
"PAK";"Pakistan";"2001";"30.4";"1"
"PAK";"Pakistan";"1998";"33.1";"1"
"PAK";"Pakistan";"1996";"28.7";"1"
"PAK";"Pakistan";"1990";"33.2";"1"
"PAK";"Pakistan";"1987";"33.3";"1"
"PAN";"Panama";"2016";"50.4";"5"
"PAN";"Panama";"2015";"50.8";"5"
"PAN";"Panama";"2014";"50.6";"5"
"PAN";"Panama";"2013";"51.5";"5"
"PAN";"Panama";"2012";"51.8";"5"
"PAN";"Panama";"2011";"51.4";"5"
"PAN";"Panama";"2010";"51.7";"5"
"PAN";"Panama";"2009";"51.9";"5"
"PAN";"Panama";"2008";"53.4";"5"
"PAN";"Panama";"2007";"52.8";"5"
"PAN";"Panama";"2006";"54.7";"5"
"PAN";"Panama";"2005";"53.9";"5"
"PAN";"Panama";"2004";"54.9";"5"
"PAN";"Panama";"2003";"55.8";"5"
"PAN";"Panama";"2002";"56.2";"5"
"PAN";"Panama";"2001";"56.9";"5"
"PAN";"Panama";"2000";"56.8";"5"
"PAN";"Panama";"1999";"56.5";"5"
"PAN";"Panama";"1998";"57.5";"5"
"PAN";"Panama";"1997";"58.2";"5"
"PAN";"Panama";"1995";"57.8";"5"
"PAN";"Panama";"1991";"58.2";"5"
"PAN";"Panama";"1989";"58.9";"5"
"PAN";"Panama";"1979";"48.7";"6"
"PNG";"Papua New Guinea";"2009";"41.9";"1"
"PNG";"Papua New Guinea";"1996";"55.4";"1"
"PRY";"Paraguay";"2016";"47.9";"5"
"PRY";"Paraguay";"2015";"47.6";"5"
"PRY";"Paraguay";"2014";"50.7";"5"
"PRY";"Paraguay";"2013";"47.9";"5"
"PRY";"Paraguay";"2012";"47.6";"5"
"PRY";"Paraguay";"2011";"52.3";"5"
"PRY";"Paraguay";"2010";"51";"5"
"PRY";"Paraguay";"2009";"49.1";"5"
"PRY";"Paraguay";"2008";"50.7";"5"
"PRY";"Paraguay";"2007";"53";"5"
"PRY";"Paraguay";"2006";"53";"5"
"PRY";"Paraguay";"2005";"51.4";"5"
"PRY";"Paraguay";"2004";"52.3";"5"
"PRY";"Paraguay";"2003";"54.9";"5"
"PRY";"Paraguay";"2002";"57.3";"5"
"PRY";"Paraguay";"2001";"54.6";"5"
"PRY";"Paraguay";"1999";"54.6";"5"
"PRY";"Paraguay";"1997";"54.9";"5"
"PRY";"Paraguay";"1995";"58.2";"5"
"PRY";"Paraguay";"1990";"40.8";"5"
"PER";"Peru";"2016";"43.8";"5"
"PER";"Peru";"2015";"43.5";"5"
"PER";"Peru";"2014";"43.4";"5"
"PER";"Peru";"2013";"44.1";"5"
"PER";"Peru";"2012";"44.7";"5"
"PER";"Peru";"2011";"44.9";"5"
"PER";"Peru";"2010";"45.7";"5"
"PER";"Peru";"2009";"47.3";"5"
"PER";"Peru";"2008";"47.8";"5"
"PER";"Peru";"2007";"50.4";"5"
"PER";"Peru";"2006";"50.5";"5"
"PER";"Peru";"2005";"50.8";"5"
"PER";"Peru";"2004";"50.3";"5"
"PER";"Peru";"2003";"53.5";"5"
"PER";"Peru";"2002";"53.8";"5"
"PER";"Peru";"2001";"51.5";"5"
"PER";"Peru";"2000";"49.4";"5"
"PER";"Peru";"1999";"56.3";"5"
"PER";"Peru";"1998";"56.1";"5"
"PER";"Peru";"1997";"53.7";"5"
"PHL";"Philippines";"2015";"40.1";"1"
"PHL";"Philippines";"2012";"42.2";"1"
"PHL";"Philippines";"2009";"41.8";"1"
"PHL";"Philippines";"2006";"42.9";"1"
"PHL";"Philippines";"2003";"41.5";"1"
"PHL";"Philippines";"2000";"42.8";"1"
"PHL";"Philippines";"1997";"46";"1"
"PHL";"Philippines";"1994";"42.9";"2"
"PHL";"Philippines";"1991";"43.8";"2"
"PHL";"Philippines";"1988";"40.7";"1"
"PHL";"Philippines";"1985";"41";"2"
"POL";"Poland";"2015";"31.8";"1"
"POL";"Poland";"2014";"32.1";"1"
"POL";"Poland";"2013";"32.5";"1"
"POL";"Poland";"2012";"32.4";"1"
"POL";"Poland";"2011";"32.8";"1"
"POL";"Poland";"2010";"33.2";"1"
"POL";"Poland";"2009";"33.6";"1"
"POL";"Poland";"2008";"33.7";"1"
"POL";"Poland";"2007";"33.5";"1"
"POL";"Poland";"2006";"33.7";"1"
"POL";"Poland";"2005";"34.5";"1"
"POL";"Poland";"2004";"35.4";"1"
"POL";"Poland";"2003";"34.9";"1"
"POL";"Poland";"2002";"34.1";"1"
"POL";"Poland";"2001";"32.8";"1"
"POL";"Poland";"2000";"33";"1"
"POL";"Poland";"1999";"32.6";"1"
"POL";"Poland";"1998";"32.3";"1"
"POL";"Poland";"1996";"32.7";"2"
"POL";"Poland";"1993";"26.7";"2"
"PRT";"Portugal";"2015";"35.5";"5"
"PRT";"Portugal";"2014";"35.6";"5"
"PRT";"Portugal";"2013";"36.2";"5"
"PRT";"Portugal";"2012";"36";"5"
"PRT";"Portugal";"2011";"36.3";"5"
"PRT";"Portugal";"2010";"35.8";"5"
"PRT";"Portugal";"2009";"34.9";"5"
"PRT";"Portugal";"2008";"36.6";"5"
"PRT";"Portugal";"2007";"36.7";"5"
"PRT";"Portugal";"2006";"38.1";"5"
"PRT";"Portugal";"2005";"38.5";"5"
"PRT";"Portugal";"2004";"38.9";"5"
"PRT";"Portugal";"2003";"38.7";"5"
"ROU";"Romania";"2016";"28.3";"1"
"ROU";"Romania";"2013";"27.5";"1"
"ROU";"Romania";"2012";"27.3";"1"
"ROU";"Romania";"2011";"27.2";"1"
"ROU";"Romania";"2010";"28.2";"1"
"ROU";"Romania";"2009";"28.2";"1"
"ROU";"Romania";"2008";"29.6";"1"
"ROU";"Romania";"2007";"30.2";"1"
"ROU";"Romania";"2006";"30.5";"1"
"ROU";"Romania";"2005";"29.8";"1"
"ROU";"Romania";"2004";"30";"1"
"ROU";"Romania";"2003";"29.9";"1"
"ROU";"Romania";"2002";"30.2";"1"
"ROU";"Romania";"2001";"29.4";"1"
"ROU";"Romania";"2000";"29.3";"1"
"ROU";"Romania";"1999";"29.4";"1"
"ROU";"Romania";"1998";"31.1";"1"
"RUS";"Russia";"2015";"37.7";"1"
"RUS";"Russia";"2014";"39.9";"1"
"RUS";"Russia";"2013";"40.9";"1"
"RUS";"Russia";"2012";"40.7";"1"
"RUS";"Russia";"2011";"39.7";"1"
"RUS";"Russia";"2010";"39.5";"1"
"RUS";"Russia";"2009";"39.8";"1"
"RUS";"Russia";"2008";"41.6";"1"
"RUS";"Russia";"2007";"42.3";"1"
"RUS";"Russia";"2006";"41";"1"
"RUS";"Russia";"2005";"41.3";"1"
"RUS";"Russia";"2004";"40.3";"1"
"RUS";"Russia";"2003";"40";"1"
"RUS";"Russia";"2002";"37.3";"1"
"RUS";"Russia";"2001";"36.9";"1"
"RUS";"Russia";"2000";"37.1";"1"
"RUS";"Russia";"1999";"37.4";"1"
"RUS";"Russia";"1998";"38.1";"1"
"RUS";"Russia";"1997";"38.4";"1"
"RUS";"Russia";"1996";"46.1";"2"
"RUS";"Russia";"1993";"48.4";"2"
"RWA";"Rwanda";"2013";"50.4";"1"
"RWA";"Rwanda";"2010";"51.3";"1"
"RWA";"Rwanda";"2005";"52";"1"
"RWA";"Rwanda";"2000";"48.5";"1"
"RWA";"Rwanda";"1984";"28.9";"2"
"STP";"SÃ£o TomÃ© and Principe";"2010";"30.8";"1"
"STP";"SÃ£o TomÃ© and Principe";"2000";"32.1";"1"
"WSM";"Samoa";"2008";"42";"1"
"SEN";"Senegal";"2011";"40.3";"1"
"SEN";"Senegal";"2005";"39.2";"1"
"SEN";"Senegal";"2001";"41.2";"1"
"SEN";"Senegal";"1994";"41.4";"2"
"SEN";"Senegal";"1991";"54.1";"2"
"SRB";"Serbia";"2015";"28.5";"1"
"SRB";"Serbia";"2013";"29";"1"
"SRB";"Serbia";"2010";"29";"1"
"SRB";"Serbia";"2009";"28";"1"
"SRB";"Serbia";"2008";"27.6";"1"
"SRB";"Serbia";"2007";"28.7";"1"
"SRB";"Serbia";"2006";"29.7";"1"
"SRB";"Serbia";"2005";"36.5";"1"
"SRB";"Serbia";"2004";"35.5";"1"
"SRB";"Serbia";"2003";"32.8";"1"
"SRB";"Serbia";"2002";"32";"1"
"SYC";"Seychelles";"2013";"46.8";"5"
"SLE";"Sierra Leone";"2011";"34";"1"
"SLE";"Sierra Leone";"2003";"40.2";"1"
"SVK";"Slovak Republic";"2015";"26.5";"5"
"SVK";"Slovak Republic";"2014";"26.1";"5"
"SVK";"Slovak Republic";"2013";"28.1";"5"
"SVK";"Slovak Republic";"2012";"26.1";"5"
"SVK";"Slovak Republic";"2011";"26.5";"5"
"SVK";"Slovak Republic";"2010";"27.3";"5"
"SVK";"Slovak Republic";"2009";"27.2";"5"
"SVK";"Slovak Republic";"2008";"26";"5"
"SVK";"Slovak Republic";"2007";"24.7";"5"
"SVK";"Slovak Republic";"2006";"25.8";"5"
"SVK";"Slovak Republic";"2005";"29.3";"5"
"SVK";"Slovak Republic";"2004";"27.1";"5"
"SVK";"Slovak Republic";"1996";"25.8";"6"
"SVN";"Slovenia";"2015";"25.4";"5"
"SVN";"Slovenia";"2014";"25.7";"5"
"SVN";"Slovenia";"2013";"26.2";"5"
"SVN";"Slovenia";"2012";"25.6";"5"
"SVN";"Slovenia";"2011";"24.9";"5"
"SVN";"Slovenia";"2010";"24.9";"5"
"SVN";"Slovenia";"2009";"24.8";"5"
"SVN";"Slovenia";"2008";"23.7";"5"
"SVN";"Slovenia";"2007";"24.4";"5"
"SVN";"Slovenia";"2006";"24.4";"5"
"SVN";"Slovenia";"2005";"24.6";"5"
"SVN";"Slovenia";"2004";"24.8";"5"
"SVN";"Slovenia";"1993";"29.2";"6"
"SLB";"Solomon Islands";"2013";"37.1";"1"
"SLB";"Solomon Islands";"2005";"46.1";"1"
"ZAF";"South Africa";"2014";"63";"1"
"ZAF";"South Africa";"2010";"63.4";"1"
"ZAF";"South Africa";"2008";"63";"1"
"ZAF";"South Africa";"2005";"64.8";"1"
"ZAF";"South Africa";"2000";"57.8";"2"
"ZAF";"South Africa";"1996";"60.7";"1"
"ZAF";"South Africa";"1993";"59.3";"2"
"SSD";"South Sudan";"2009";"46.3";"8"
"ESP";"Spain";"2015";"36.2";"5"
"ESP";"Spain";"2014";"36.1";"5"
"ESP";"Spain";"2013";"36.2";"5"
"ESP";"Spain";"2012";"35.4";"5"
"ESP";"Spain";"2011";"35.7";"5"
"ESP";"Spain";"2010";"35.2";"5"
"ESP";"Spain";"2009";"34.9";"5"
"ESP";"Spain";"2008";"34.2";"5"
"ESP";"Spain";"2007";"34.1";"5"
"ESP";"Spain";"2006";"33.5";"5"
"ESP";"Spain";"2005";"32.4";"5"
"ESP";"Spain";"2004";"33.3";"5"
"ESP";"Spain";"2003";"31.8";"5"
"LKA";"Sri Lanka";"2016";"39.8";"1"
"LKA";"Sri Lanka";"2012";"39.2";"1"
"LKA";"Sri Lanka";"2009";"36.4";"1"
"LKA";"Sri Lanka";"2006";"40.3";"1"
"LKA";"Sri Lanka";"2002";"41";"1"
"LKA";"Sri Lanka";"1995";"35.4";"1"
"LKA";"Sri Lanka";"1990";"32.4";"1"
"LKA";"Sri Lanka";"1985";"32.5";"2"
"LCA";"St. Lucia";"1995";"42.6";"6"
"SDN";"Sudan";"2009";"35.4";"1"
"SUR";"Suriname";"1999";"57.6";"5"
"SWZ";"Swaziland";"2009";"51.5";"1"
"SWZ";"Swaziland";"2000";"53.1";"1"
"SWZ";"Swaziland";"1994";"60.5";"2"
"SWE";"Sweden";"2015";"29.2";"5"
"SWE";"Sweden";"2014";"28.4";"5"
"SWE";"Sweden";"2013";"27.8";"5"
"SWE";"Sweden";"2012";"27.1";"5"
"SWE";"Sweden";"2011";"26.9";"5"
"SWE";"Sweden";"2010";"26.5";"5"
"SWE";"Sweden";"2009";"26.3";"5"
"SWE";"Sweden";"2008";"26.8";"5"
"SWE";"Sweden";"2007";"26.4";"5"
"SWE";"Sweden";"2006";"26.4";"5"
"SWE";"Sweden";"2005";"26.8";"5"
"SWE";"Sweden";"2004";"26.1";"5"
"SWE";"Sweden";"2003";"25.3";"5"
"CHE";"Switzerland";"2014";"32.5";"5"
"CHE";"Switzerland";"2013";"32.5";"5"
"CHE";"Switzerland";"2012";"31.6";"5"
"CHE";"Switzerland";"2011";"31.7";"5"
"CHE";"Switzerland";"2010";"32.6";"5"
"CHE";"Switzerland";"2009";"32.9";"5"
"CHE";"Switzerland";"2008";"33.8";"5"
"CHE";"Switzerland";"2007";"34.3";"5"
"CHE";"Switzerland";"2006";"33.9";"5"
"SYR";"Syrian Arab Republic";"2004";"35.8";"8"
"TJK";"Tajikistan";"2015";"34";"1"
"TJK";"Tajikistan";"2009";"30.8";"1"
"TJK";"Tajikistan";"2007";"32.2";"1"
"TJK";"Tajikistan";"2004";"33.6";"1"
"TJK";"Tajikistan";"2003";"32.7";"1"
"TJK";"Tajikistan";"1999";"29.5";"1"
"TZA";"Tanzania";"2011";"37.8";"1"
"TZA";"Tanzania";"2007";"40.3";"1"
"TZA";"Tanzania";"2000";"37.3";"1"
"TZA";"Tanzania";"1991";"35.3";"1"
"THA";"Thailand";"2013";"37.8";"1"
"THA";"Thailand";"2012";"39.3";"1"
"THA";"Thailand";"2011";"37.5";"1"
"THA";"Thailand";"2010";"39.4";"1"
"THA";"Thailand";"2009";"39.6";"1"
"THA";"Thailand";"2008";"40.3";"1"
"THA";"Thailand";"2007";"39.8";"1"
"THA";"Thailand";"2006";"41.8";"1"
"THA";"Thailand";"2004";"42.5";"1"
"THA";"Thailand";"2002";"41.9";"1"
"THA";"Thailand";"2000";"42.8";"1"
"THA";"Thailand";"1999";"43.1";"1"
"THA";"Thailand";"1998";"41.5";"1"
"THA";"Thailand";"1996";"42.9";"1"
"THA";"Thailand";"1994";"43.5";"1"
"THA";"Thailand";"1992";"47.9";"1"
"THA";"Thailand";"1990";"45.3";"1"
"THA";"Thailand";"1988";"43.8";"2"
"THA";"Thailand";"1981";"45.2";"2"
"GMB";"The Gambia";"2015";"35.9";"1"
"GMB";"The Gambia";"2010";"43.6";"1"
"GMB";"The Gambia";"2003";"47.3";"1"
"GMB";"The Gambia";"1998";"48.5";"1"
"TLS";"Timor-Leste";"2014";"28.7";"1"
"TLS";"Timor-Leste";"2007";"27.8";"1"
"TLS";"Timor-Leste";"2001";"35.9";"1"
"TGO";"Togo";"2015";"43.1";"1"
"TGO";"Togo";"2011";"46";"1"
"TGO";"Togo";"2006";"42.2";"1"
"TON";"Tonga";"2009";"37.5";"1"
"TON";"Tonga";"2001";"37.7";"1"
"TTO";"Trinidad and Tobago";"1992";"40.3";"6"
"TTO";"Trinidad and Tobago";"1988";"42.6";"6"
"TUN";"Tunisia";"2010";"35.8";"1"
"TUN";"Tunisia";"2005";"37.7";"1"
"TUN";"Tunisia";"2000";"40.8";"2"
"TUN";"Tunisia";"1995";"41.7";"2"
"TUN";"Tunisia";"1990";"40.2";"2"
"TUN";"Tunisia";"1985";"43.4";"2"
"TUR";"Turkey";"2016";"41.9";"1"
"TUR";"Turkey";"2015";"42.9";"1"
"TUR";"Turkey";"2014";"41.2";"1"
"TUR";"Turkey";"2013";"40.2";"1"
"TUR";"Turkey";"2012";"40.2";"1"
"TUR";"Turkey";"2011";"40";"1"
"TUR";"Turkey";"2010";"38.8";"1"
"TUR";"Turkey";"2009";"39";"1"
"TUR";"Turkey";"2008";"39";"1"
"TUR";"Turkey";"2007";"38.4";"1"
"TUR";"Turkey";"2006";"39.6";"1"
"TUR";"Turkey";"2005";"42.6";"1"
"TUR";"Turkey";"2004";"41.3";"1"
"TUR";"Turkey";"2003";"42.2";"1"
"TUR";"Turkey";"2002";"41.4";"1"
"TUR";"Turkey";"1994";"41.3";"2"
"TUR";"Turkey";"1987";"43.5";"2"
"TKM";"Turkmenistan";"1998";"40.8";"9"
"TUV";"Tuvalu";"2010";"39.1";"1"
"UGA";"Uganda";"2012";"41";"1"
"UGA";"Uganda";"2009";"44.2";"1"
"UGA";"Uganda";"2005";"42.9";"1"
"UGA";"Uganda";"2002";"45.2";"1"
"UGA";"Uganda";"1999";"43";"1"
"UGA";"Uganda";"1996";"39";"1"
"UGA";"Uganda";"1992";"41.4";"1"
"UGA";"Uganda";"1989";"44.4";"2"
"UKR";"Ukraine";"2016";"25";"1"
"UKR";"Ukraine";"2015";"25.5";"1"
"UKR";"Ukraine";"2014";"24";"1"
"UKR";"Ukraine";"2013";"24.6";"1"
"UKR";"Ukraine";"2012";"24.7";"1"
"UKR";"Ukraine";"2011";"24.6";"1"
"UKR";"Ukraine";"2010";"24.8";"1"
"UKR";"Ukraine";"2009";"25.3";"1"
"UKR";"Ukraine";"2008";"26.6";"1"
"UKR";"Ukraine";"2007";"27";"1"
"UKR";"Ukraine";"2006";"29.8";"1"
"UKR";"Ukraine";"2005";"29";"1"
"UKR";"Ukraine";"2004";"28.9";"1"
"UKR";"Ukraine";"2003";"28.7";"1"
"UKR";"Ukraine";"2002";"29";"1"
"UKR";"Ukraine";"1996";"35.2";"1"
"UKR";"Ukraine";"1995";"39.3";"2"
"GBR";"United Kingdom";"2015";"33.2";"5"
"GBR";"United Kingdom";"2014";"34";"5"
"GBR";"United Kingdom";"2013";"33.2";"5"
"GBR";"United Kingdom";"2012";"32.3";"5"
"GBR";"United Kingdom";"2011";"33.2";"5"
"GBR";"United Kingdom";"2010";"34.4";"5"
"GBR";"United Kingdom";"2009";"34.3";"5"
"GBR";"United Kingdom";"2008";"34.1";"5"
"GBR";"United Kingdom";"2007";"35.7";"5"
"GBR";"United Kingdom";"2006";"34.6";"5"
"GBR";"United Kingdom";"2005";"34.3";"5"
"GBR";"United Kingdom";"2004";"36";"5"
"USA";"United States";"2016";"41.5";"5"
"USA";"United States";"2013";"41";"5"
"USA";"United States";"2010";"40.4";"5"
"USA";"United States";"2007";"41.1";"5"
"USA";"United States";"2004";"40.5";"5"
"USA";"United States";"2000";"40.4";"5"
"USA";"United States";"1997";"40.8";"5"
"USA";"United States";"1994";"40.2";"5"
"USA";"United States";"1991";"38.2";"5"
"USA";"United States";"1986";"37.5";"5"
"USA";"United States";"1979";"34.6";"5"
"URY";"Uruguay";"2016";"39.7";"5"
"URY";"Uruguay";"2015";"40.2";"5"
"URY";"Uruguay";"2014";"40.1";"5"
"URY";"Uruguay";"2013";"40.5";"5"
"URY";"Uruguay";"2012";"39.9";"5"
"URY";"Uruguay";"2011";"42.2";"5"
"URY";"Uruguay";"2010";"44.5";"5"
"URY";"Uruguay";"2009";"45.6";"5"
"URY";"Uruguay";"2008";"45.1";"5"
"URY";"Uruguay";"2007";"46.4";"5"
"URY";"Uruguay";"2006";"45.9";"5"
"URY";"Uruguay";"1989";"42.4";"5"
"URY";"Uruguay";"1981";"43.6";"6"
"UZB";"Uzbekistan";"2003";"35.3";"8"
"UZB";"Uzbekistan";"2002";"33";"8"
"UZB";"Uzbekistan";"2000";"36.1";"8"
"UZB";"Uzbekistan";"1998";"44.7";"8"
"VUT";"Vanuatu";"2010";"37.6";"1"
"VEN";"Venezuela";"2006";"46.9";"5"
"VEN";"Venezuela";"2005";"52.4";"5"
"VEN";"Venezuela";"2004";"49.8";"5"
"VEN";"Venezuela";"2003";"50.4";"5"
"VEN";"Venezuela";"2002";"50.6";"5"
"VEN";"Venezuela";"2001";"48.2";"5"
"VEN";"Venezuela";"1999";"48.3";"5"
"VEN";"Venezuela";"1998";"49.8";"5"
"VEN";"Venezuela";"1995";"47.8";"5"
"VEN";"Venezuela";"1992";"42.5";"5"
"VEN";"Venezuela";"1989";"45.3";"5"
"VEN";"Venezuela";"1987";"53.4";"6"
"VEN";"Venezuela";"1981";"55.6";"6"
"VNM";"Vietnam";"2014";"34.8";"1"
"VNM";"Vietnam";"2012";"35.6";"1"
"VNM";"Vietnam";"2010";"39.3";"1"
"VNM";"Vietnam";"2008";"35.6";"1"
"VNM";"Vietnam";"2006";"35.8";"1"
"VNM";"Vietnam";"2004";"36.8";"1"
"VNM";"Vietnam";"2002";"37";"1"
"VNM";"Vietnam";"1998";"35.4";"1"
"VNM";"Vietnam";"1992";"35.7";"1"
"PSE";"West Bank and Gaza";"2011";"34.4";"1"
"PSE";"West Bank and Gaza";"2010";"35.3";"1"
"PSE";"West Bank and Gaza";"2009";"34.5";"1"
"PSE";"West Bank and Gaza";"2007";"35.6";"1"
"PSE";"West Bank and Gaza";"2006";"34";"1"
"PSE";"West Bank and Gaza";"2005";"34.7";"1"
"PSE";"West Bank and Gaza";"2004";"34";"1"
"YEM";"Yemen";"2014";"36.7";"8"
"YEM";"Yemen";"2005";"34.7";"8"
"YEM";"Yemen";"1998";"35";"8"
"ZMB";"Zambia";"2015";"57.1";"1"
"ZMB";"Zambia";"2010";"55.6";"1"
"ZMB";"Zambia";"2006";"54.6";"1"
"ZMB";"Zambia";"2004";"54.3";"1"
"ZMB";"Zambia";"2002";"42.1";"1"
"ZMB";"Zambia";"1998";"49.1";"1"
"ZMB";"Zambia";"1996";"48.3";"1"
"ZMB";"Zambia";"1993";"52.6";"2"
"ZMB";"Zambia";"1991";"60.5";"1"
"ZWE";"Zimbabwe";"2011";"43.2";"2"

"footnoteSeqID";"Footnote"
"1";"Estimated from unit-record consumption data."
"2";"Estimated from grouped consumption data."
"3";"Estimated from unit-record income data. Urban only. PPP is regression based."
"4";"Estimated from grouped income data. Urban only. PPP is regression based."
"5";"Estimated from unit-record income data."
"6";"Estimated from grouped income data."
"7";"Estimated from grouped consumption data. National estimate is based on aggregation of rural and urban distributions. See PovcalNet (http://iresearch.worldbank.org/PovcalNet) for separate rural and urban estimates."
"8";"Estimated from unit-record consumption data. PPP is regression based."
"9";"Estimated from grouped consumption data. PPP is regression based."
"10";"Estimated from unit-record consumption data. National estimate is based on aggregation of rural and urban distributions. See PovcalNet (http://iresearch.worldbank.org/PovcalNet) for separate rural and urban estimates."
